18921005,0600,-999,11,11.3N,57.0W,40,-999,-999,-999,-999,-999,-999,-999,-999,-999,-999,-999,-999,-999,-999
18921005,1200,-999,11,11.2N,57.6W,45,-999,-999,-999,-999,-999,-999,-999,-999,-999,-999,-999,-999,-999,-999
18921005,1800,-999,11,11.2N,58.2W,50,-999,-999,-999,-999,-999,-999,-999,-999,-999,-999,-999,-999,-999,-999
18921006,0000,-999,11,11.2N,58.7W,55,-999,-999,-999,-999,-999,-999,-999,-999,-999,-999,-999,-999,-999,-999
18921006,0600,-999,11,11.1N,59.2W,55,-999,-999,-999,-999,-999,-999,-999,-999,-999,-999,-999,-999,-999,-999
18921006,1200,-999,11,11.1N,60.0W,60,-999,-999,-999,-999,-999,-999,-999,-999,-999,-999,-999,-999,-999,-999
18921006,1800,-999,12,11.1N,60.9W,65,-999,-999,-999,-999,-999,-999,-999,-999,-999,-999,-999,-999,-999,-999
18921007,0000,-999,12,11.1N,62.0W,70,-999,-999,-999,-999,-999,-999,-999,-999,-999,-999,-999,-999,-999,-999
18921007,0600,-999,12,11.2N,63.2W,75,-999,-999,-999,-999,-999,-999,-999,-999,-999,-999,-999,-999,-999,-999
18921007,1200,-999,12,11.3N,64.4W,80,-999,-999,-999,-999,-999,-999,-999,-999,-999,-999,-999,-999,-999,-999
18921007,1800,-999,12,11.5N,65.7W,80,-999,-999,-999,-999,-999,-999,-999,-999,-999,-999,-999,-999,-999,-999
18921008,0000,-999,12,11.6N,67.0W,85,-999,-999,-999,-999,-999,-999,-999,-999,-999,-999,-999,-999,-999,-999
18921008,0600,-999,12,11.8N,68.3W,85,-999,-999,-999,-999,-999,-999,-999,-999,-999,-999,-999,-999,-999,-999
18921008,1200,-999,12,12.0N,69.6W,85,-999,-999,-999,-999,-999,-999,-999,-999,-999,-999,-999,-999,-999,-999
18921008,1800,-999,12,12.2N,70.8W,85,-999,-999,-999,-999,-999,-999,-999,-999,-999,-999,-999,-999,-999,-999
18921009,0000,-999,12,12.4N,72.0W,85,-999,-999,-999,-999,-999,-999,-999,-999,-999,-999,-999,-999,-999,-999
18921009,0600,-999,12,12.5N,73.1W,85,-999,-999,-999,-999,-999,-999,-999,-999,-999,-999,-999,-999,-999,-999
18921009,1200,-999,12,12.7N,74.3W,85,-999,-999,-999,-999,-999,-999,-999,-999,-999,-999,-999,-999,-999,-999
18921009,1800,-999,12,12.9N,75.6W,85,-999,-999,-999,-999,-999,-999,-999,-999,-999,-999,-999,-999,-999,-999
18921010,0000,-999,12,13.1N,76.9W,85,-999,-999,-999,-999,-999,-999,-999,-999,-999,-999,-999,-999,-999,-999
18921010,0600,-999,12,13.4N,78.3W,85,-999,-999,-999,-999,-999,-999,-999,-999,-999,-999,-999,-999,-999,-999
18921010,1200,-999,12,13.7N,79.5W,85,-999,-999,-999,-999,-999,-999,-999,-999,-999,-999,-999,-999,-999,-999
18921010,1800,-999,12,14.0N,80.5W,85,-999,-999,-999,-999,-999,-999,-999,-999,-999,-999,-999,-999,-999,-999
18921011,0000,-999,12,14.3N,81.3W,85,-999,-999,-999,-999,-999,-999,-999,-999,-999,-999,-999,-999,-999,-999
18921011,0600,-999,12,14.6N,82.1W,85,-999,-999,-999,-999,-999,-999,-999,-999,-999,-999,-999,-999,-999,-999
18921011,1200,-999,12,15.0N,83.0W,85,-999,-999,-999,-999,-999,-999,-999,-999,-999,-999,-999,-999,-999,-999
18921011,1800,-999,12,15.5N,84.1W,80,-999,-999,-999,-999,-999,-999,-999,-999,-999,-999,-999,-999,-999,-999
18921012,0000,-999,12,15.9N,85.1W,75,-999,-999,-999,-999,-999,-999,-999,-999,-999,-999,-999,-999,-999,-999
18921012,0600,-999,12,16.4N,86.2W,80,-999,-999,-999,-999,-999,-999,-999,-999,-999,-999,-999,-999,-999,-999
18921012,1200,-999,12,16.9N,87.2W,85,-999,-999,-999,-999,-999,-999,-999,-999,-999,-999,-999,-999,-999,-999
18921012,1800,-999,12,17.4N,88.3W,85,-999,-999,-999,-999,-999,-999,-999,-999,-999,-999,-999,-999,-999,-999
18921013,0000,-999,11,17.9N,89.3W,60,-999,-999,-999,-999,-999,-999,-999,-999,-999,-999,-999,-999,-999,-999
18921013,0600,-999,11,18.3N,90.4W,55,-999,-999,-999,-999,-999,-999,-999,-999,-999,-999,-999,-999,-999,-999
18921013,1200,-999,11,18.7N,91.4W,55,-999,-999,-999,-999,-999,-999,-999,-999,-999,-999,-999,-999,-999,-999
18921013,1800,-999,12,19.0N,92.3W,65,-999,-999,-999,-999,-999,-999,-999,-999,-999,-999,-999,-999,-999,-999
18921014,0000,-999,12,19.3N,93.0W,70,-999,-999,-999,-999,-999,-999,-999,-999,-999,-999,-999,-999,-999,-999
18921014,0600,-999,12,19.5N,93.5W,75,-999,-999,-999,-999,-999,-999,-999,-999,-999,-999,-999,-999,-999,-999
18921014,1200,-999,12,19.8N,94.1W,80,-999,-999,-999,-999,-999,-999,-999,-999,-999,-999,-999,-999,-999,-999
18921014,1800,-999,12,20.0N,94.7W,85,-999,-999,-999,-999,-999,-999,-999,-999,-999,-999,-999,-999,-999,-999
18921015,0000,-999,12,20.3N,95.4W,85,-999,-999,-999,-999,-999,-999,-999,-999,-999,-999,-999,-999,-999,-999
18921015,0600,-999,12,20.6N,96.0W,85,-999,-999,-999,-999,-999,-999,-999,-999,-999,-999,-999,-999,-999,-999
18921015,1200,-999,12,20.9N,96.6W,80,-999,-999,-999,-999,-999,-999,-999,-999,-999,-999,-999,-999,-999,-999
18921015,1800,-999,12,21.3N,97.3W,70,-999,-999,-999,-999,-999,-999,-999,-999,-999,-999,-999,-999,-999,-999
18921016,0000,-999,11,21.7N,98.0W,35,-999,-999,-999,-999,-999,-999,-999,-999,-999,-999,-999,-999,-999,-999
-999,-999,-999,-999,-999,-999,-999,-999,-999,-999,-999,-999,-999,-999,-999,-999,-999,-999,-999,-999,-999
-999,-999,-999,-999,-999,-999,-999,-999,-999,-999,-999,-999,-999,-999,-999,-999,-999,-999,-999,-999,-999
-999,-999,-999,-999,-999,-999,-999,-999,-999,-999,-999,-999,-999,-999,-999,-999,-999,-999,-999,-999,-999
-999,-999,-999,-999,-999,-999,-999,-999,-999,-999,-999,-999,-999,-999,-999,-999,-999,-999,-999,-999,-999
-999,-999,-999,-999,-999,-999,-999,-999,-999,-999,-999,-999,-999,-999,-999,-999,-999,-999,-999,-999,-999
-999,-999,-999,-999,-999,-999,-999,-999,-999,-999,-999,-999,-999,-999,-999,-999,-999,-999,-999,-999,-999
-999,-999,-999,-999,-999,-999,-999,-999,-999,-999,-999,-999,-999,-999,-999,-999,-999,-999,-999,-999,-999
-999,-999,-999,-999,-999,-999,-999,-999,-999,-999,-999,-999,-999,-999,-999,-999,-999,-999,-999,-999,-999
-999,-999,-999,-999,-999,-999,-999,-999,-999,-999,-999,-999,-999,-999,-999,-999,-999,-999,-999,-999,-999
-999,-999,-999,-999,-999,-999,-999,-999,-999,-999,-999,-999,-999,-999,-999,-999,-999,-999,-999,-999,-999
-999,-999,-999,-999,-999,-999,-999,-999,-999,-999,-999,-999,-999,-999,-999,-999,-999,-999,-999,-999,-999
-999,-999,-999,-999,-999,-999,-999,-999,-999,-999,-999,-999,-999,-999,-999,-999,-999,-999,-999,-999,-999
-999,-999,-999,-999,-999,-999,-999,-999,-999,-999,-999,-999,-999,-999,-999,-999,-999,-999,-999,-999,-999
-999,-999,-999,-999,-999,-999,-999,-999,-999,-999,-999,-999,-999,-999,-999,-999,-999,-999,-999,-999,-999
-999,-999,-999,-999,-999,-999,-999,-999,-999,-999,-999,-999,-999,-999,-999,-999,-999,-999,-999,-999,-999
-999,-999,-999,-999,-999,-999,-999,-999,-999,-999,-999,-999,-999,-999,-999,-999,-999,-999,-999,-999,-999
-999,-999,-999,-999,-999,-999,-999,-999,-999,-999,-999,-999,-999,-999,-999,-999,-999,-999,-999,-999,-999
-999,-999,-999,-999,-999,-999,-999,-999,-999,-999,-999,-999,-999,-999,-999,-999,-999,-999,-999,-999,-999
-999,-999,-999,-999,-999,-999,-999,-999,-999,-999,-999,-999,-999,-999,-999,-999,-999,-999,-999,-999,-999
-999,-999,-999,-999,-999,-999,-999,-999,-999,-999,-999,-999,-999,-999,-999,-999,-999,-999,-999,-999,-999
-999,-999,-999,-999,-999,-999,-999,-999,-999,-999,-999,-999,-999,-999,-999,-999,-999,-999,-999,-999,-999
-999,-999,-999,-999,-999,-999,-999,-999,-999,-999,-999,-999,-999,-999,-999,-999,-999,-999,-999,-999,-999
-999,-999,-999,-999,-999,-999,-999,-999,-999,-999,-999,-999,-999,-999,-999,-999,-999,-999,-999,-999,-999
-999,-999,-999,-999,-999,-999,-999,-999,-999,-999,-999,-999,-999,-999,-999,-999,-999,-999,-999,-999,-999
-999,-999,-999,-999,-999,-999,-999,-999,-999,-999,-999,-999,-999,-999,-999,-999,-999,-999,-999,-999,-999
-999,-999,-999,-999,-999,-999,-999,-999,-999,-999,-999,-999,-999,-999,-999,-999,-999,-999,-999,-999,-999
-999,-999,-999,-999,-999,-999,-999,-999,-999,-999,-999,-999,-999,-999,-999,-999,-999,-999,-999,-999,-999
-999,-999,-999,-999,-999,-999,-999,-999,-999,-999,-999,-999,-999,-999,-999,-999,-999,-999,-999,-999,-999
-999,-999,-999,-999,-999,-999,-999,-999,-999,-999,-999,-999,-999,-999,-999,-999,-999,-999,-999,-999,-999
-999,-999,-999,-999,-999,-999,-999,-999,-999,-999,-999,-999,-999,-999,-999,-999,-999,-999,-999,-999,-999
-999,-999,-999,-999,-999,-999,-999,-999,-999,-999,-999,-999,-999,-999,-999,-999,-999,-999,-999,-999,-999
-999,-999,-999,-999,-999,-999,-999,-999,-999,-999,-999,-999,-999,-999,-999,-999,-999,-999,-999,-999,-999
-999,-999,-999,-999,-999,-999,-999,-999,-999,-999,-999,-999,-999,-999,-999,-999,-999,-999,-999,-999,-999
-999,-999,-999,-999,-999,-999,-999,-999,-999,-999,-999,-999,-999,-999,-999,-999,-999,-999,-999,-999,-999
-999,-999,-999,-999,-999,-999,-999,-999,-999,-999,-999,-999,-999,-999,-999,-999,-999,-999,-999,-999,-999
-999,-999,-999,-999,-999,-999,-999,-999,-999,-999,-999,-999,-999,-999,-999,-999,-999,-999,-999,-999,-999
-999,-999,-999,-999,-999,-999,-999,-999,-999,-999,-999,-999,-999,-999,-999,-999,-999,-999,-999,-999,-999
-999,-999,-999,-999,-999,-999,-999,-999,-999,-999,-999,-999,-999,-999,-999,-999,-999,-999,-999,-999,-999
-999,-999,-999,-999,-999,-999,-999,-999,-999,-999,-999,-999,-999,-999,-999,-999,-999,-999,-999,-999,-999
-999,-999,-999,-999,-999,-999,-999,-999,-999,-999,-999,-999,-999,-999,-999,-999,-999,-999,-999,-999,-999
-999,-999,-999,-999,-999,-999,-999,-999,-999,-999,-999,-999,-999,-999,-999,-999,-999,-999,-999,-999,-999
-999,-999,-999,-999,-999,-999,-999,-999,-999,-999,-999,-999,-999,-999,-999,-999,-999,-999,-999,-999,-999
-999,-999,-999,-999,-999,-999,-999,-999,-999,-999,-999,-999,-999,-999,-999,-999,-999,-999,-999,-999,-999
-999,-999,-999,-999,-999,-999,-999,-999,-999,-999,-999,-999,-999,-999,-999,-999,-999,-999,-999,-999,-999
-999,-999,-999,-999,-999,-999,-999,-999,-999,-999,-999,-999,-999,-999,-999,-999,-999,-999,-999,-999,-999
-999,-999,-999,-999,-999,-999,-999,-999,-999,-999,-999,-999,-999,-999,-999,-999,-999,-999,-999,-999,-999
-999,-999,-999,-999,-999,-999,-999,-999,-999,-999,-999,-999,-999,-999,-999,-999,-999,-999,-999,-999,-999
-999,-999,-999,-999,-999,-999,-999,-999,-999,-999,-999,-999,-999,-999,-999,-999,-999,-999,-999,-999,-999
-999,-999,-999,-999,-999,-999,-999,-999,-999,-999,-999,-999,-999,-999,-999,-999,-999,-999,-999,-999,-999
-999,-999,-999,-999,-999,-999,-999,-999,-999,-999,-999,-999,-999,-999,-999,-999,-999,-999,-999,-999,-999
-999,-999,-999,-999,-999,-999,-999,-999,-999,-999,-999,-999,-999,-999,-999,-999,-999,-999,-999,-999,-999
-999,-999,-999,-999,-999,-999,-999,-999,-999,-999,-999,-999,-999,-999,-999,-999,-999,-999,-999,-999,-999
-999,-999,-999,-999,-999,-999,-999,-999,-999,-999,-999,-999,-999,-999,-999,-999,-999,-999,-999,-999,-999
-999,-999,-999,-999,-999,-999,-999,-999,-999,-999,-999,-999,-999,-999,-999,-999,-999,-999,-999,-999,-999
-999,-999,-999,-999,-999,-999,-999,-999,-999,-999,-999,-999,-999,-999,-999,-999,-999,-999,-999,-999,-999
-999,-999,-999,-999,-999,-999,-999,-999,-999,-999,-999,-999,-999,-999,-999,-999,-999,-999,-999,-999,-999
-999,-999,-999,-999,-999,-999,-999,-999,-999,-999,-999,-999,-999,-999,-999,-999,-999,-999,-999,-999,-999
-999,-999,-999,-999,-999,-999,-999,-999,-999,-999,-999,-999,-999,-999,-999,-999,-999,-999,-999,-999,-999
-999,-999,-999,-999,-999,-999,-999,-999,-999,-999,-999,-999,-999,-999,-999,-999,-999,-999,-999,-999,-999
-999,-999,-999,-999,-999,-999,-999,-999,-999,-999,-999,-999,-999,-999,-999,-999,-999,-999,-999,-999,-999
-999,-999,-999,-999,-999,-999,-999,-999,-999,-999,-999,-999,-999,-999,-999,-999,-999,-999,-999,-999,-999
-999,-999,-999,-999,-999,-999,-999,-999,-999,-999,-999,-999,-999,-999,-999,-999,-999,-999,-999,-999,-999
-999,-999,-999,-999,-999,-999,-999,-999,-999,-999,-999,-999,-999,-999,-999,-999,-999,-999,-999,-999,-999
-999,-999,-999,-999,-999,-999,-999,-999,-999,-999,-999,-999,-999,-999,-999,-999,-999,-999,-999,-999,-999
-999,-999,-999,-999,-999,-999,-999,-999,-999,-999,-999,-999,-999,-999,-999,-999,-999,-999,-999,-999,-999
-999,-999,-999,-999,-999,-999,-999,-999,-999,-999,-999,-999,-999,-999,-999,-999,-999,-999,-999,-999,-999
-999,-999,-999,-999,-999,-999,-999,-999,-999,-999,-999,-999,-999,-999,-999,-999,-999,-999,-999,-999,-999
-999,-999,-999,-999,-999,-999,-999,-999,-999,-999,-999,-999,-999,-999,-999,-999,-999,-999,-999,-999,-999
-999,-999,-999,-999,-999,-999,-999,-999,-999,-999,-999,-999,-999,-999,-999,-999,-999,-999,-999,-999,-999
-999,-999,-999,-999,-999,-999,-999,-999,-999,-999,-999,-999,-999,-999,-999,-999,-999,-999,-999,-999,-999
-999,-999,-999,-999,-999,-999,-999,-999,-999,-999,-999,-999,-999,-999,-999,-999,-999,-999,-999,-999,-999
-999,-999,-999,-999,-999,-999,-999,-999,-999,-999,-999,-999,-999,-999,-999,-999,-999,-999,-999,-999,-999
-999,-999,-999,-999,-999,-999,-999,-999,-999,-999,-999,-999,-999,-999,-999,-999,-999,-999,-999,-999,-999
-999,-999,-999,-999,-999,-999,-999,-999,-999,-999,-999,-999,-999,-999,-999,-999,-999,-999,-999,-999,-999
-999,-999,-999,-999,-999,-999,-999,-999,-999,-999,-999,-999,-999,-999,-999,-999,-999,-999,-999,-999,-999
-999,-999,-999,-999,-999,-999,-999,-999,-999,-999,-999,-999,-999,-999,-999,-999,-999,-999,-999,-999,-999
-999,-999,-999,-999,-999,-999,-999,-999,-999,-999,-999,-999,-999,-999,-999,-999,-999,-999,-999,-999,-999
-999,-999,-999,-999,-999,-999,-999,-999,-999,-999,-999,-999,-999,-999,-999,-999,-999,-999,-999,-999,-999
-999,-999,-999,-999,-999,-999,-999,-999,-999,-999,-999,-999,-999,-999,-999,-999,-999,-999,-999,-999,-999
-999,-999,-999,-999,-999,-999,-999,-999,-999,-999,-999,-999,-999,-999,-999,-999,-999,-999,-999,-999,-999
-999,-999,-999,-999,-999,-999,-999,-999,-999,-999,-999,-999,-999,-999,-999,-999,-999,-999,-999,-999,-999
-999,-999,-999,-999,-999,-999,-999,-999,-999,-999,-999,-999,-999,-999,-999,-999,-999,-999,-999,-999,-999
-999,-999,-999,-999,-999,-999,-999,-999,-999,-999,-999,-999,-999,-999,-999,-999,-999,-999,-999,-999,-999
-999,-999,-999,-999,-999,-999,-999,-999,-999,-999,-999,-999,-999,-999,-999,-999,-999,-999,-999,-999,-999
-999,-999,-999,-999,-999,-999,-999,-999,-999,-999,-999,-999,-999,-999,-999,-999,-999,-999,-999,-999,-999
-999,-999,-999,-999,-999,-999,-999,-999,-999,-999,-999,-999,-999,-999,-999,-999,-999,-999,-999,-999,-999
-999,-999,-999,-999,-999,-999,-999,-999,-999,-999,-999,-999,-999,-999,-999,-999,-999,-999,-999,-999,-999
18921005,0600,-999,TS,11.3N,57.0W,40,-999,-999,-999,-999,-999,-999,-999,-999,-999,-999,-999,-999,-999,-999
18921005,1200,-999,TS,11.2N,57.6W,45,-999,-999,-999,-999,-999,-999,-999,-999,-999,-999,-999,-999,-999,-999
18921005,1800,-999,TS,11.2N,58.2W,50,-999,-999,-999,-999,-999,-999,-999,-999,-999,-999,-999,-999,-999,-999
18921006,0000,-999,TS,11.2N,58.7W,55,-999,-999,-999,-999,-999,-999,-999,-999,-999,-999,-999,-999,-999,-999
18921006,0600,-999,TS,11.1N,59.2W,55,-999,-999,-999,-999,-999,-999,-999,-999,-999,-999,-999,-999,-999,-999
18921006,1200,-999,TS,11.1N,60.0W,60,-999,-999,-999,-999,-999,-999,-999,-999,-999,-999,-999,-999,-999,-999
18921006,1800,-999,HU,11.1N,60.9W,65,-999,-999,-999,-999,-999,-999,-999,-999,-999,-999,-999,-999,-999,-999
18921007,0000,-999,HU,11.1N,62.0W,70,-999,-999,-999,-999,-999,-999,-999,-999,-999,-999,-999,-999,-999,-999
18921007,0600,-999,HU,11.2N,63.2W,75,-999,-999,-999,-999,-999,-999,-999,-999,-999,-999,-999,-999,-999,-999
18921007,1200,-999,HU,11.3N,64.4W,80,-999,-999,-999,-999,-999,-999,-999,-999,-999,-999,-999,-999,-999,-999
18921007,1800,-999,HU,11.5N,65.7W,80,-999,-999,-999,-999,-999,-999,-999,-999,-999,-999,-999,-999,-999,-999
18921008,0000,-999,HU,11.6N,67.0W,85,-999,-999,-999,-999,-999,-999,-999,-999,-999,-999,-999,-999,-999,-999
18921008,0600,-999,HU,11.8N,68.3W,85,-999,-999,-999,-999,-999,-999,-999,-999,-999,-999,-999,-999,-999,-999
18921008,1200,-999,HU,12.0N,69.6W,85,-999,-999,-999,-999,-999,-999,-999,-999,-999,-999,-999,-999,-999,-999
18921008,1800,-999,HU,12.2N,70.8W,85,-999,-999,-999,-999,-999,-999,-999,-999,-999,-999,-999,-999,-999,-999
18921009,0000,-999,HU,12.4N,72.0W,85,-999,-999,-999,-999,-999,-999,-999,-999,-999,-999,-999,-999,-999,-999
18921009,0600,-999,HU,12.5N,73.1W,85,-999,-999,-999,-999,-999,-999,-999,-999,-999,-999,-999,-999,-999,-999
18921009,1200,-999,HU,12.7N,74.3W,85,-999,-999,-999,-999,-999,-999,-999,-999,-999,-999,-999,-999,-999,-999
18921009,1800,-999,HU,12.9N,75.6W,85,-999,-999,-999,-999,-999,-999,-999,-999,-999,-999,-999,-999,-999,-999
18921010,0000,-999,HU,13.1N,76.9W,85,-999,-999,-999,-999,-999,-999,-999,-999,-999,-999,-999,-999,-999,-999
18921010,0600,-999,HU,13.4N,78.3W,85,-999,-999,-999,-999,-999,-999,-999,-999,-999,-999,-999,-999,-999,-999
18921010,1200,-999,HU,13.7N,79.5W,85,-999,-999,-999,-999,-999,-999,-999,-999,-999,-999,-999,-999,-999,-999
18921010,1800,-999,HU,14.0N,80.5W,85,-999,-999,-999,-999,-999,-999,-999,-999,-999,-999,-999,-999,-999,-999
18921011,0000,-999,HU,14.3N,81.3W,85,-999,-999,-999,-999,-999,-999,-999,-999,-999,-999,-999,-999,-999,-999
18921011,0600,-999,HU,14.6N,82.1W,85,-999,-999,-999,-999,-999,-999,-999,-999,-999,-999,-999,-999,-999,-999
18921011,1200,-999,HU,15.0N,83.0W,85,-999,-999,-999,-999,-999,-999,-999,-999,-999,-999,-999,-999,-999,-999
18921011,1800,-999,HU,15.5N,84.1W,80,-999,-999,-999,-999,-999,-999,-999,-999,-999,-999,-999,-999,-999,-999
18921012,0000,-999,HU,15.9N,85.1W,75,-999,-999,-999,-999,-999,-999,-999,-999,-999,-999,-999,-999,-999,-999
18921012,0600,-999,HU,16.4N,86.2W,80,-999,-999,-999,-999,-999,-999,-999,-999,-999,-999,-999,-999,-999,-999
18921012,1200,-999,HU,16.9N,87.2W,85,-999,-999,-999,-999,-999,-999,-999,-999,-999,-999,-999,-999,-999,-999
18921012,1800,-999,HU,17.4N,88.3W,85,-999,-999,-999,-999,-999,-999,-999,-999,-999,-999,-999,-999,-999,-999
18921013,0000,-999,TS,17.9N,89.3W,60,-999,-999,-999,-999,-999,-999,-999,-999,-999,-999,-999,-999,-999,-999
18921013,0600,-999,TS,18.3N,90.4W,55,-999,-999,-999,-999,-999,-999,-999,-999,-999,-999,-999,-999,-999,-999
18921013,1200,-999,TS,18.7N,91.4W,55,-999,-999,-999,-999,-999,-999,-999,-999,-999,-999,-999,-999,-999,-999
18921013,1800,-999,HU,19.0N,92.3W,65,-999,-999,-999,-999,-999,-999,-999,-999,-999,-999,-999,-999,-999,-999
18921014,0000,-999,HU,19.3N,93.0W,70,-999,-999,-999,-999,-999,-999,-999,-999,-999,-999,-999,-999,-999,-999
18921014,0600,-999,HU,19.5N,93.5W,75,-999,-999,-999,-999,-999,-999,-999,-999,-999,-999,-999,-999,-999,-999
18921014,1200,-999,HU,19.8N,94.1W,80,-999,-999,-999,-999,-999,-999,-999,-999,-999,-999,-999,-999,-999,-999
18921014,1800,-999,HU,20.0N,94.7W,85,-999,-999,-999,-999,-999,-999,-999,-999,-999,-999,-999,-999,-999,-999
18921015,0000,-999,HU,20.3N,95.4W,85,-999,-999,-999,-999,-999,-999,-999,-999,-999,-999,-999,-999,-999,-999
18921015,0600,-999,HU,20.6N,96.0W,85,-999,-999,-999,-999,-999,-999,-999,-999,-999,-999,-999,-999,-999,-999
18921015,1200,-999,HU,20.9N,96.6W,80,-999,-999,-999,-999,-999,-999,-999,-999,-999,-999,-999,-999,-999,-999
18921015,1800,-999,HU,21.3N,97.3W,70,-999,-999,-999,-999,-999,-999,-999,-999,-999,-999,-999,-999,-999,-999
18921016,0000,-999,TS,21.7N,98.0W,35,-999,-999,-999,-999,-999,-999,-999,-999,-999,-999,-999,-999,-999,-999
-999,-999,-999,-999,-999,-999,-999,-999,-999,-999,-999,-999,-999,-999,-999,-999,-999,-999,-999,-999,-999
-999,-999,-999,-999,-999,-999,-999,-999,-999,-999,-999,-999,-999,-999,-999,-999,-999,-999,-999,-999,-999
-999,-999,-999,-999,-999,-999,-999,-999,-999,-999,-999,-999,-999,-999,-999,-999,-999,-999,-999,-999,-999
-999,-999,-999,-999,-999,-999,-999,-999,-999,-999,-999,-999,-999,-999,-999,-999,-999,-999,-999,-999,-999
-999,-999,-999,-999,-999,-999,-999,-999,-999,-999,-999,-999,-999,-999,-999,-999,-999,-999,-999,-999,-999
-999,-999,-999,-999,-999,-999,-999,-999,-999,-999,-999,-999,-999,-999,-999,-999,-999,-999,-999,-999,-999
-999,-999,-999,-999,-999,-999,-999,-999,-999,-999,-999,-999,-999,-999,-999,-999,-999,-999,-999,-999,-999
-999,-999,-999,-999,-999,-999,-999,-999,-999,-999,-999,-999,-999,-999,-999,-999,-999,-999,-999,-999,-999
-999,-999,-999,-999,-999,-999,-999,-999,-999,-999,-999,-999,-999,-999,-999,-999,-999,-999,-999,-999,-999
-999,-999,-999,-999,-999,-999,-999,-999,-999,-999,-999,-999,-999,-999,-999,-999,-999,-999,-999,-999,-999
-999,-999,-999,-999,-999,-999,-999,-999,-999,-999,-999,-999,-999,-999,-999,-999,-999,-999,-999,-999,-999
-999,-999,-999,-999,-999,-999,-999,-999,-999,-999,-999,-999,-999,-999,-999,-999,-999,-999,-999,-999,-999
-999,-999,-999,-999,-999,-999,-999,-999,-999,-999,-999,-999,-999,-999,-999,-999,-999,-999,-999,-999,-999
-999,-999,-999,-999,-999,-999,-999,-999,-999,-999,-999,-999,-999,-999,-999,-999,-999,-999,-999,-999,-999
-999,-999,-999,-999,-999,-999,-999,-999,-999,-999,-999,-999,-999,-999,-999,-999,-999,-999,-999,-999,-999
-999,-999,-999,-999,-999,-999,-999,-999,-999,-999,-999,-999,-999,-999,-999,-999,-999,-999,-999,-999,-999
-999,-999,-999,-999,-999,-999,-999,-999,-999,-999,-999,-999,-999,-999,-999,-999,-999,-999,-999,-999,-999
-999,-999,-999,-999,-999,-999,-999,-999,-999,-999,-999,-999,-999,-999,-999,-999,-999,-999,-999,-999,-999
-999,-999,-999,-999,-999,-999,-999,-999,-999,-999,-999,-999,-999,-999,-999,-999,-999,-999,-999,-999,-999
-999,-999,-999,-999,-999,-999,-999,-999,-999,-999,-999,-999,-999,-999,-999,-999,-999,-999,-999,-999,-999
-999,-999,-999,-999,-999,-999,-999,-999,-999,-999,-999,-999,-999,-999,-999,-999,-999,-999,-999,-999,-999
-999,-999,-999,-999,-999,-999,-999,-999,-999,-999,-999,-999,-999,-999,-999,-999,-999,-999,-999,-999,-999
-999,-999,-999,-999,-999,-999,-999,-999,-999,-999,-999,-999,-999,-999,-999,-999,-999,-999,-999,-999,-999
-999,-999,-999,-999,-999,-999,-999,-999,-999,-999,-999,-999,-999,-999,-999,-999,-999,-999,-999,-999,-999
-999,-999,-999,-999,-999,-999,-999,-999,-999,-999,-999,-999,-999,-999,-999,-999,-999,-999,-999,-999,-999
-999,-999,-999,-999,-999,-999,-999,-999,-999,-999,-999,-999,-999,-999,-999,-999,-999,-999,-999,-999,-999
-999,-999,-999,-999,-999,-999,-999,-999,-999,-999,-999,-999,-999,-999,-999,-999,-999,-999,-999,-999,-999
-999,-999,-999,-999,-999,-999,-999,-999,-999,-999,-999,-999,-999,-999,-999,-999,-999,-999,-999,-999,-999
-999,-999,-999,-999,-999,-999,-999,-999,-999,-999,-999,-999,-999,-999,-999,-999,-999,-999,-999,-999,-999
-999,-999,-999,-999,-999,-999,-999,-999,-999,-999,-999,-999,-999,-999,-999,-999,-999,-999,-999,-999,-999
-999,-999,-999,-999,-999,-999,-999,-999,-999,-999,-999,-999,-999,-999,-999,-999,-999,-999,-999,-999,-999
-999,-999,-999,-999,-999,-999,-999,-999,-999,-999,-999,-999,-999,-999,-999,-999,-999,-999,-999,-999,-999
-999,-999,-999,-999,-999,-999,-999,-999,-999,-999,-999,-999,-999,-999,-999,-999,-999,-999,-999,-999,-999
-999,-999,-999,-999,-999,-999,-999,-999,-999,-999,-999,-999,-999,-999,-999,-999,-999,-999,-999,-999,-999
-999,-999,-999,-999,-999,-999,-999,-999,-999,-999,-999,-999,-999,-999,-999,-999,-999,-999,-999,-999,-999
-999,-999,-999,-999,-999,-999,-999,-999,-999,-999,-999,-999,-999,-999,-999,-999,-999,-999,-999,-999,-999
-999,-999,-999,-999,-999,-999,-999,-999,-999,-999,-999,-999,-999,-999,-999,-999,-999,-999,-999,-999,-999
-999,-999,-999,-999,-999,-999,-999,-999,-999,-999,-999,-999,-999,-999,-999,-999,-999,-999,-999,-999,-999
-999,-999,-999,-999,-999,-999,-999,-999,-999,-999,-999,-999,-999,-999,-999,-999,-999,-999,-999,-999,-999
-999,-999,-999,-999,-999,-999,-999,-999,-999,-999,-999,-999,-999,-999,-999,-999,-999,-999,-999,-999,-999
-999,-999,-999,-999,-999,-999,-999,-999,-999,-999,-999,-999,-999,-999,-999,-999,-999,-999,-999,-999,-999
-999,-999,-999,-999,-999,-999,-999,-999,-999,-999,-999,-999,-999,-999,-999,-999,-999,-999,-999,-999,-999
-999,-999,-999,-999,-999,-999,-999,-999,-999,-999,-999,-999,-999,-999,-999,-999,-999,-999,-999,-999,-999
-999,-999,-999,-999,-999,-999,-999,-999,-999,-999,-999,-999,-999,-999,-999,-999,-999,-999,-999,-999,-999
-999,-999,-999,-999,-999,-999,-999,-999,-999,-999,-999,-999,-999,-999,-999,-999,-999,-999,-999,-999,-999
-999,-999,-999,-999,-999,-999,-999,-999,-999,-999,-999,-999,-999,-999,-999,-999,-999,-999,-999,-999,-999
-999,-999,-999,-999,-999,-999,-999,-999,-999,-999,-999,-999,-999,-999,-999,-999,-999,-999,-999,-999,-999
-999,-999,-999,-999,-999,-999,-999,-999,-999,-999,-999,-999,-999,-999,-999,-999,-999,-999,-999,-999,-999
-999,-999,-999,-999,-999,-999,-999,-999,-999,-999,-999,-999,-999,-999,-999,-999,-999,-999,-999,-999,-999
-999,-999,-999,-999,-999,-999,-999,-999,-999,-999,-999,-999,-999,-999,-999,-999,-999,-999,-999,-999,-999
-999,-999,-999,-999,-999,-999,-999,-999,-999,-999,-999,-999,-999,-999,-999,-999,-999,-999,-999,-999,-999
-999,-999,-999,-999,-999,-999,-999,-999,-999,-999,-999,-999,-999,-999,-999,-999,-999,-999,-999,-999,-999
-999,-999,-999,-999,-999,-999,-999,-999,-999,-999,-999,-999,-999,-999,-999,-999,-999,-999,-999,-999,-999
-999,-999,-999,-999,-999,-999,-999,-999,-999,-999,-999,-999,-999,-999,-999,-999,-999,-999,-999,-999,-999
-999,-999,-999,-999,-999,-999,-999,-999,-999,-999,-999,-999,-999,-999,-999,-999,-999,-999,-999,-999,-999
-999,-999,-999,-999,-999,-999,-999,-999,-999,-999,-999,-999,-999,-999,-999,-999,-999,-999,-999,-999,-999
-999,-999,-999,-999,-999,-999,-999,-999,-999,-999,-999,-999,-999,-999,-999,-999,-999,-999,-999,-999,-999
-999,-999,-999,-999,-999,-999,-999,-999,-999,-999,-999,-999,-999,-999,-999,-999,-999,-999,-999,-999,-999
-999,-999,-999,-999,-999,-999,-999,-999,-999,-999,-999,-999,-999,-999,-999,-999,-999,-999,-999,-999,-999
-999,-999,-999,-999,-999,-999,-999,-999,-999,-999,-999,-999,-999,-999,-999,-999,-999,-999,-999,-999,-999
-999,-999,-999,-999,-999,-999,-999,-999,-999,-999,-999,-999,-999,-999,-999,-999,-999,-999,-999,-999,-999
-999,-999,-999,-999,-999,-999,-999,-999,-999,-999,-999,-999,-999,-999,-999,-999,-999,-999,-999,-999,-999
-999,-999,-999,-999,-999,-999,-999,-999,-999,-999,-999,-999,-999,-999,-999,-999,-999,-999,-999,-999,-999
-999,-999,-999,-999,-999,-999,-999,-999,-999,-999,-999,-999,-999,-999,-999,-999,-999,-999,-999,-999,-999
-999,-999,-999,-999,-999,-999,-999,-999,-999,-999,-999,-999,-999,-999,-999,-999,-999,-999,-999,-999,-999
-999,-999,-999,-999,-999,-999,-999,-999,-999,-999,-999,-999,-999,-999,-999,-999,-999,-999,-999,-999,-999
-999,-999,-999,-999,-999,-999,-999,-999,-999,-999,-999,-999,-999,-999,-999,-999,-999,-999,-999,-999,-999
-999,-999,-999,-999,-999,-999,-999,-999,-999,-999,-999,-999,-999,-999,-999,-999,-999,-999,-999,-999,-999
-999,-999,-999,-999,-999,-999,-999,-999,-999,-999,-999,-999,-999,-999,-999,-999,-999,-999,-999,-999,-999
-999,-999,-999,-999,-999,-999,-999,-999,-999,-999,-999,-999,-999,-999,-999,-999,-999,-999,-999,-999,-999
-999,-999,-999,-999,-999,-999,-999,-999,-999,-999,-999,-999,-999,-999,-999,-999,-999,-999,-999,-999,-999
-999,-999,-999,-999,-999,-999,-999,-999,-999,-999,-999,-999,-999,-999,-999,-999,-999,-999,-999,-999,-999
-999,-999,-999,-999,-999,-999,-999,-999,-999,-999,-999,-999,-999,-999,-999,-999,-999,-999,-999,-999,-999
-999,-999,-999,-999,-999,-999,-999,-999,-999,-999,-999,-999,-999,-999,-999,-999,-999,-999,-999,-999,-999
-999,-999,-999,-999,-999,-999,-999,-999,-999,-999,-999,-999,-999,-999,-999,-999,-999,-999,-999,-999,-999
-999,-999,-999,-999,-999,-999,-999,-999,-999,-999,-999,-999,-999,-999,-999,-999,-999,-999,-999,-999,-999
-999,-999,-999,-999,-999,-999,-999,-999,-999,-999,-999,-999,-999,-999,-999,-999,-999,-999,-999,-999,-999
-999,-999,-999,-999,-999,-999,-999,-999,-999,-999,-999,-999,-999,-999,-999,-999,-999,-999,-999,-999,-999
-999,-999,-999,-999,-999,-999,-999,-999,-999,-999,-999,-999,-999,-999,-999,-999,-999,-999,-999,-999,-999
-999,-999,-999,-999,-999,-999,-999,-999,-999,-999,-999,-999,-999,-999,-999,-999,-999,-999,-999,-999,-999
-999,-999,-999,-999,-999,-999,-999,-999,-999,-999,-999,-999,-999,-999,-999,-999,-999,-999,-999,-999,-999
-999,-999,-999,-999,-999,-999,-999,-999,-999,-999,-999,-999,-999,-999,-999,-999,-999,-999,-999,-999,-999
-999,-999,-999,-999,-999,-999,-999,-999,-999,-999,-999,-999,-999,-999,-999,-999,-999,-999,-999,-999,-999
-999,-999,-999,-999,-999,-999,-999,-999,-999,-999,-999,-999,-999,-999,-999,-999,-999,-999,-999,-999,-999
-999,-999,-999,-999,-999,-999,-999,-999,-999,-999,-999,-999,-999,-999,-999,-999,-999,-999,-999,-999,-999
-999,-999,-999,-999,-999,-999,-999,-999,-999,-999,-999,-999,-999,-999,-999,-999,-999,-999,-999,-999,-999
-999,-999,-999,-999,-999,-999,-999,-999,-999,-999,-999,-999,-999,-999,-999,-999,-999,-999,-999,-999,-999
18921005,0600,-999,TS,11.3N,57.0W,40,-999,-999,-999,-999,-999,-999,-999,-999,-999,-999,-999,-999,-999,-999
18921005,1200,-999,TS,11.2N,57.6W,45,-999,-999,-999,-999,-999,-999,-999,-999,-999,-999,-999,-999,-999,-999
18921005,1800,-999,TS,11.2N,58.2W,50,-999,-999,-999,-999,-999,-999,-999,-999,-999,-999,-999,-999,-999,-999
18921006,0000,-999,TS,11.2N,58.7W,55,-999,-999,-999,-999,-999,-999,-999,-999,-999,-999,-999,-999,-999,-999
18921006,0600,-999,TS,11.1N,59.2W,55,-999,-999,-999,-999,-999,-999,-999,-999,-999,-999,-999,-999,-999,-999
18921006,1200,-999,TS,11.1N,60.0W,60,-999,-999,-999,-999,-999,-999,-999,-999,-999,-999,-999,-999,-999,-999
18921006,1800,-999,HU,11.1N,60.9W,65,-999,-999,-999,-999,-999,-999,-999,-999,-999,-999,-999,-999,-999,-999
18921007,0000,-999,HU,11.1N,62.0W,70,-999,-999,-999,-999,-999,-999,-999,-999,-999,-999,-999,-999,-999,-999
18921007,0600,-999,HU,11.2N,63.2W,75,-999,-999,-999,-999,-999,-999,-999,-999,-999,-999,-999,-999,-999,-999
18921007,1200,-999,HU,11.3N,64.4W,80,-999,-999,-999,-999,-999,-999,-999,-999,-999,-999,-999,-999,-999,-999
18921007,1800,-999,HU,11.5N,65.7W,80,-999,-999,-999,-999,-999,-999,-999,-999,-999,-999,-999,-999,-999,-999
18921008,0000,-999,HU,11.6N,67.0W,85,-999,-999,-999,-999,-999,-999,-999,-999,-999,-999,-999,-999,-999,-999
18921008,0600,-999,HU,11.8N,68.3W,85,-999,-999,-999,-999,-999,-999,-999,-999,-999,-999,-999,-999,-999,-999
18921008,1200,-999,HU,12.0N,69.6W,85,-999,-999,-999,-999,-999,-999,-999,-999,-999,-999,-999,-999,-999,-999
18921008,1800,-999,HU,12.2N,70.8W,85,-999,-999,-999,-999,-999,-999,-999,-999,-999,-999,-999,-999,-999,-999
18921009,0000,-999,HU,12.4N,72.0W,85,-999,-999,-999,-999,-999,-999,-999,-999,-999,-999,-999,-999,-999,-999
18921009,0600,-999,HU,12.5N,73.1W,85,-999,-999,-999,-999,-999,-999,-999,-999,-999,-999,-999,-999,-999,-999
18921009,1200,-999,HU,12.7N,74.3W,85,-999,-999,-999,-999,-999,-999,-999,-999,-999,-999,-999,-999,-999,-999
18921009,1800,-999,HU,12.9N,75.6W,85,-999,-999,-999,-999,-999,-999,-999,-999,-999,-999,-999,-999,-999,-999
18921010,0000,-999,HU,13.1N,76.9W,85,-999,-999,-999,-999,-999,-999,-999,-999,-999,-999,-999,-999,-999,-999
18921010,0600,-999,HU,13.4N,78.3W,85,-999,-999,-999,-999,-999,-999,-999,-999,-999,-999,-999,-999,-999,-999
18921010,1200,-999,HU,13.7N,79.5W,85,-999,-999,-999,-999,-999,-999,-999,-999,-999,-999,-999,-999,-999,-999
18921010,1800,-999,HU,14.0N,80.5W,85,-999,-999,-999,-999,-999,-999,-999,-999,-999,-999,-999,-999,-999,-999
18921011,0000,-999,HU,14.3N,81.3W,85,-999,-999,-999,-999,-999,-999,-999,-999,-999,-999,-999,-999,-999,-999
18921011,0600,-999,HU,14.6N,82.1W,85,-999,-999,-999,-999,-999,-999,-999,-999,-999,-999,-999,-999,-999,-999
18921011,1200,-999,HU,15.0N,83.0W,85,-999,-999,-999,-999,-999,-999,-999,-999,-999,-999,-999,-999,-999,-999
18921011,1800,-999,HU,15.5N,84.1W,80,-999,-999,-999,-999,-999,-999,-999,-999,-999,-999,-999,-999,-999,-999
18921012,0000,-999,HU,15.9N,85.1W,75,-999,-999,-999,-999,-999,-999,-999,-999,-999,-999,-999,-999,-999,-999
18921012,0600,-999,HU,16.4N,86.2W,80,-999,-999,-999,-999,-999,-999,-999,-999,-999,-999,-999,-999,-999,-999
18921012,1200,-999,HU,16.9N,87.2W,85,-999,-999,-999,-999,-999,-999,-999,-999,-999,-999,-999,-999,-999,-999
18921012,1800,-999,HU,17.4N,88.3W,85,-999,-999,-999,-999,-999,-999,-999,-999,-999,-999,-999,-999,-999,-999
18921013,0000,-999,TS,17.9N,89.3W,60,-999,-999,-999,-999,-999,-999,-999,-999,-999,-999,-999,-999,-999,-999
18921013,0600,-999,TS,18.3N,90.4W,55,-999,-999,-999,-999,-999,-999,-999,-999,-999,-999,-999,-999,-999,-999
18921013,1200,-999,TS,18.7N,91.4W,55,-999,-999,-999,-999,-999,-999,-999,-999,-999,-999,-999,-999,-999,-999
18921013,1800,-999,HU,19.0N,92.3W,65,-999,-999,-999,-999,-999,-999,-999,-999,-999,-999,-999,-999,-999,-999
18921014,0000,-999,HU,19.3N,93.0W,70,-999,-999,-999,-999,-999,-999,-999,-999,-999,-999,-999,-999,-999,-999
18921014,0600,-999,HU,19.5N,93.5W,75,-999,-999,-999,-999,-999,-999,-999,-999,-999,-999,-999,-999,-999,-999
18921014,1200,-999,HU,19.8N,94.1W,80,-999,-999,-999,-999,-999,-999,-999,-999,-999,-999,-999,-999,-999,-999
18921014,1800,-999,HU,20.0N,94.7W,85,-999,-999,-999,-999,-999,-999,-999,-999,-999,-999,-999,-999,-999,-999
18921015,0000,-999,HU,20.3N,95.4W,85,-999,-999,-999,-999,-999,-999,-999,-999,-999,-999,-999,-999,-999,-999
18921015,0600,-999,HU,20.6N,96.0W,85,-999,-999,-999,-999,-999,-999,-999,-999,-999,-999,-999,-999,-999,-999
18921015,1200,-999,HU,20.9N,96.6W,80,-999,-999,-999,-999,-999,-999,-999,-999,-999,-999,-999,-999,-999,-999
18921015,1800,-999,HU,21.3N,97.3W,70,-999,-999,-999,-999,-999,-999,-999,-999,-999,-999,-999,-999,-999,-999
18921016,0000,-999,TS,21.7N,98.0W,35,-999,-999,-999,-999,-999,-999,-999,-999,-999,-999,-999,-999,-999,-999
-999,-999,-999,-999,-999,-999,-999,-999,-999,-999,-999,-999,-999,-999,-999,-999,-999,-999,-999,-999,-999
-999,-999,-999,-999,-999,-999,-999,-999,-999,-999,-999,-999,-999,-999,-999,-999,-999,-999,-999,-999,-999
-999,-999,-999,-999,-999,-999,-999,-999,-999,-999,-999,-999,-999,-999,-999,-999,-999,-999,-999,-999,-999
-999,-999,-999,-999,-999,-999,-999,-999,-999,-999,-999,-999,-999,-999,-999,-999,-999,-999,-999,-999,-999
-999,-999,-999,-999,-999,-999,-999,-999,-999,-999,-999,-999,-999,-999,-999,-999,-999,-999,-999,-999,-999
-999,-999,-999,-999,-999,-999,-999,-999,-999,-999,-999,-999,-999,-999,-999,-999,-999,-999,-999,-999,-999
-999,-999,-999,-999,-999,-999,-999,-999,-999,-999,-999,-999,-999,-999,-999,-999,-999,-999,-999,-999,-999
-999,-999,-999,-999,-999,-999,-999,-999,-999,-999,-999,-999,-999,-999,-999,-999,-999,-999,-999,-999,-999
-999,-999,-999,-999,-999,-999,-999,-999,-999,-999,-999,-999,-999,-999,-999,-999,-999,-999,-999,-999,-999
-999,-999,-999,-999,-999,-999,-999,-999,-999,-999,-999,-999,-999,-999,-999,-999,-999,-999,-999,-999,-999
-999,-999,-999,-999,-999,-999,-999,-999,-999,-999,-999,-999,-999,-999,-999,-999,-999,-999,-999,-999,-999
-999,-999,-999,-999,-999,-999,-999,-999,-999,-999,-999,-999,-999,-999,-999,-999,-999,-999,-999,-999,-999
-999,-999,-999,-999,-999,-999,-999,-999,-999,-999,-999,-999,-999,-999,-999,-999,-999,-999,-999,-999,-999
-999,-999,-999,-999,-999,-999,-999,-999,-999,-999,-999,-999,-999,-999,-999,-999,-999,-999,-999,-999,-999
-999,-999,-999,-999,-999,-999,-999,-999,-999,-999,-999,-999,-999,-999,-999,-999,-999,-999,-999,-999,-999
-999,-999,-999,-999,-999,-999,-999,-999,-999,-999,-999,-999,-999,-999,-999,-999,-999,-999,-999,-999,-999
-999,-999,-999,-999,-999,-999,-999,-999,-999,-999,-999,-999,-999,-999,-999,-999,-999,-999,-999,-999,-999
-999,-999,-999,-999,-999,-999,-999,-999,-999,-999,-999,-999,-999,-999,-999,-999,-999,-999,-999,-999,-999
-999,-999,-999,-999,-999,-999,-999,-999,-999,-999,-999,-999,-999,-999,-999,-999,-999,-999,-999,-999,-999
-999,-999,-999,-999,-999,-999,-999,-999,-999,-999,-999,-999,-999,-999,-999,-999,-999,-999,-999,-999,-999
-999,-999,-999,-999,-999,-999,-999,-999,-999,-999,-999,-999,-999,-999,-999,-999,-999,-999,-999,-999,-999
-999,-999,-999,-999,-999,-999,-999,-999,-999,-999,-999,-999,-999,-999,-999,-999,-999,-999,-999,-999,-999
-999,-999,-999,-999,-999,-999,-999,-999,-999,-999,-999,-999,-999,-999,-999,-999,-999,-999,-999,-999,-999
-999,-999,-999,-999,-999,-999,-999,-999,-999,-999,-999,-999,-999,-999,-999,-999,-999,-999,-999,-999,-999
-999,-999,-999,-999,-999,-999,-999,-999,-999,-999,-999,-999,-999,-999,-999,-999,-999,-999,-999,-999,-999
-999,-999,-999,-999,-999,-999,-999,-999,-999,-999,-999,-999,-999,-999,-999,-999,-999,-999,-999,-999,-999
-999,-999,-999,-999,-999,-999,-999,-999,-999,-999,-999,-999,-999,-999,-999,-999,-999,-999,-999,-999,-999
-999,-999,-999,-999,-999,-999,-999,-999,-999,-999,-999,-999,-999,-999,-999,-999,-999,-999,-999,-999,-999
-999,-999,-999,-999,-999,-999,-999,-999,-999,-999,-999,-999,-999,-999,-999,-999,-999,-999,-999,-999,-999
-999,-999,-999,-999,-999,-999,-999,-999,-999,-999,-999,-999,-999,-999,-999,-999,-999,-999,-999,-999,-999
-999,-999,-999,-999,-999,-999,-999,-999,-999,-999,-999,-999,-999,-999,-999,-999,-999,-999,-999,-999,-999
-999,-999,-999,-999,-999,-999,-999,-999,-999,-999,-999,-999,-999,-999,-999,-999,-999,-999,-999,-999,-999
-999,-999,-999,-999,-999,-999,-999,-999,-999,-999,-999,-999,-999,-999,-999,-999,-999,-999,-999,-999,-999
-999,-999,-999,-999,-999,-999,-999,-999,-999,-999,-999,-999,-999,-999,-999,-999,-999,-999,-999,-999,-999
-999,-999,-999,-999,-999,-999,-999,-999,-999,-999,-999,-999,-999,-999,-999,-999,-999,-999,-999,-999,-999
-999,-999,-999,-999,-999,-999,-999,-999,-999,-999,-999,-999,-999,-999,-999,-999,-999,-999,-999,-999,-999
-999,-999,-999,-999,-999,-999,-999,-999,-999,-999,-999,-999,-999,-999,-999,-999,-999,-999,-999,-999,-999
-999,-999,-999,-999,-999,-999,-999,-999,-999,-999,-999,-999,-999,-999,-999,-999,-999,-999,-999,-999,-999
-999,-999,-999,-999,-999,-999,-999,-999,-999,-999,-999,-999,-999,-999,-999,-999,-999,-999,-999,-999,-999
-999,-999,-999,-999,-999,-999,-999,-999,-999,-999,-999,-999,-999,-999,-999,-999,-999,-999,-999,-999,-999
-999,-999,-999,-999,-999,-999,-999,-999,-999,-999,-999,-999,-999,-999,-999,-999,-999,-999,-999,-999,-999
-999,-999,-999,-999,-999,-999,-999,-999,-999,-999,-999,-999,-999,-999,-999,-999,-999,-999,-999,-999,-999
-999,-999,-999,-999,-999,-999,-999,-999,-999,-999,-999,-999,-999,-999,-999,-999,-999,-999,-999,-999,-999
-999,-999,-999,-999,-999,-999,-999,-999,-999,-999,-999,-999,-999,-999,-999,-999,-999,-999,-999,-999,-999
-999,-999,-999,-999,-999,-999,-999,-999,-999,-999,-999,-999,-999,-999,-999,-999,-999,-999,-999,-999,-999
-999,-999,-999,-999,-999,-999,-999,-999,-999,-999,-999,-999,-999,-999,-999,-999,-999,-999,-999,-999,-999
-999,-999,-999,-999,-999,-999,-999,-999,-999,-999,-999,-999,-999,-999,-999,-999,-999,-999,-999,-999,-999
-999,-999,-999,-999,-999,-999,-999,-999,-999,-999,-999,-999,-999,-999,-999,-999,-999,-999,-999,-999,-999
-999,-999,-999,-999,-999,-999,-999,-999,-999,-999,-999,-999,-999,-999,-999,-999,-999,-999,-999,-999,-999
-999,-999,-999,-999,-999,-999,-999,-999,-999,-999,-999,-999,-999,-999,-999,-999,-999,-999,-999,-999,-999
-999,-999,-999,-999,-999,-999,-999,-999,-999,-999,-999,-999,-999,-999,-999,-999,-999,-999,-999,-999,-999
-999,-999,-999,-999,-999,-999,-999,-999,-999,-999,-999,-999,-999,-999,-999,-999,-999,-999,-999,-999,-999
-999,-999,-999,-999,-999,-999,-999,-999,-999,-999,-999,-999,-999,-999,-999,-999,-999,-999,-999,-999,-999
-999,-999,-999,-999,-999,-999,-999,-999,-999,-999,-999,-999,-999,-999,-999,-999,-999,-999,-999,-999,-999
-999,-999,-999,-999,-999,-999,-999,-999,-999,-999,-999,-999,-999,-999,-999,-999,-999,-999,-999,-999,-999
-999,-999,-999,-999,-999,-999,-999,-999,-999,-999,-999,-999,-999,-999,-999,-999,-999,-999,-999,-999,-999
-999,-999,-999,-999,-999,-999,-999,-999,-999,-999,-999,-999,-999,-999,-999,-999,-999,-999,-999,-999,-999
-999,-999,-999,-999,-999,-999,-999,-999,-999,-999,-999,-999,-999,-999,-999,-999,-999,-999,-999,-999,-999
-999,-999,-999,-999,-999,-999,-999,-999,-999,-999,-999,-999,-999,-999,-999,-999,-999,-999,-999,-999,-999
-999,-999,-999,-999,-999,-999,-999,-999,-999,-999,-999,-999,-999,-999,-999,-999,-999,-999,-999,-999,-999
-999,-999,-999,-999,-999,-999,-999,-999,-999,-999,-999,-999,-999,-999,-999,-999,-999,-999,-999,-999,-999
-999,-999,-999,-999,-999,-999,-999,-999,-999,-999,-999,-999,-999,-999,-999,-999,-999,-999,-999,-999,-999
-999,-999,-999,-999,-999,-999,-999,-999,-999,-999,-999,-999,-999,-999,-999,-999,-999,-999,-999,-999,-999
-999,-999,-999,-999,-999,-999,-999,-999,-999,-999,-999,-999,-999,-999,-999,-999,-999,-999,-999,-999,-999
-999,-999,-999,-999,-999,-999,-999,-999,-999,-999,-999,-999,-999,-999,-999,-999,-999,-999,-999,-999,-999
-999,-999,-999,-999,-999,-999,-999,-999,-999,-999,-999,-999,-999,-999,-999,-999,-999,-999,-999,-999,-999
-999,-999,-999,-999,-999,-999,-999,-999,-999,-999,-999,-999,-999,-999,-999,-999,-999,-999,-999,-999,-999
-999,-999,-999,-999,-999,-999,-999,-999,-999,-999,-999,-999,-999,-999,-999,-999,-999,-999,-999,-999,-999
-999,-999,-999,-999,-999,-999,-999,-999,-999,-999,-999,-999,-999,-999,-999,-999,-999,-999,-999,-999,-999
-999,-999,-999,-999,-999,-999,-999,-999,-999,-999,-999,-999,-999,-999,-999,-999,-999,-999,-999,-999,-999
-999,-999,-999,-999,-999,-999,-999,-999,-999,-999,-999,-999,-999,-999,-999,-999,-999,-999,-999,-999,-999
-999,-999,-999,-999,-999,-999,-999,-999,-999,-999,-999,-999,-999,-999,-999,-999,-999,-999,-999,-999,-999
-999,-999,-999,-999,-999,-999,-999,-999,-999,-999,-999,-999,-999,-999,-999,-999,-999,-999,-999,-999,-999
-999,-999,-999,-999,-999,-999,-999,-999,-999,-999,-999,-999,-999,-999,-999,-999,-999,-999,-999,-999,-999
-999,-999,-999,-999,-999,-999,-999,-999,-999,-999,-999,-999,-999,-999,-999,-999,-999,-999,-999,-999,-999
-999,-999,-999,-999,-999,-999,-999,-999,-999,-999,-999,-999,-999,-999,-999,-999,-999,-999,-999,-999,-999
-999,-999,-999,-999,-999,-999,-999,-999,-999,-999,-999,-999,-999,-999,-999,-999,-999,-999,-999,-999,-999
-999,-999,-999,-999,-999,-999,-999,-999,-999,-999,-999,-999,-999,-999,-999,-999,-999,-999,-999,-999,-999
-999,-999,-999,-999,-999,-999,-999,-999,-999,-999,-999,-999,-999,-999,-999,-999,-999,-999,-999,-999,-999
-999,-999,-999,-999,-999,-999,-999,-999,-999,-999,-999,-999,-999,-999,-999,-999,-999,-999,-999,-999,-999
-999,-999,-999,-999,-999,-999,-999,-999,-999,-999,-999,-999,-999,-999,-999,-999,-999,-999,-999,-999,-999
-999,-999,-999,-999,-999,-999,-999,-999,-999,-999,-999,-999,-999,-999,-999,-999,-999,-999,-999,-999,-999
-999,-999,-999,-999,-999,-999,-999,-999,-999,-999,-999,-999,-999,-999,-999,-999,-999,-999,-999,-999,-999
-999,-999,-999,-999,-999,-999,-999,-999,-999,-999,-999,-999,-999,-999,-999,-999,-999,-999,-999,-999,-999
-999,-999,-999,-999,-999,-999,-999,-999,-999,-999,-999,-999,-999,-999,-999,-999,-999,-999,-999,-999,-999
-999,-999,-999,-999,-999,-999,-999,-999,-999,-999,-999,-999,-999,-999,-999,-999,-999,-999,-999,-999,-999
-999,-999,-999,-999,-999,-999,-999,-999,-999,-999,-999,-999,-999,-999,-999,-999,-999,-999,-999,-999,-999
18921005,1200,-999,11,11.2N,57.6W,45,-999,-999,-999,-999,-999,-999,-999,-999,-999,-999,-999,-999,-999,-999
18921005,1800,-999,11,11.2N,58.2W,50,-999,-999,-999,-999,-999,-999,-999,-999,-999,-999,-999,-999,-999,-999
18921006,0000,-999,11,11.2N,58.7W,55,-999,-999,-999,-999,-999,-999,-999,-999,-999,-999,-999,-999,-999,-999
18921006,0600,-999,11,11.1N,59.2W,55,-999,-999,-999,-999,-999,-999,-999,-999,-999,-999,-999,-999,-999,-999
18921006,1200,-999,11,11.1N,60.0W,60,-999,-999,-999,-999,-999,-999,-999,-999,-999,-999,-999,-999,-999,-999
18921006,1800,-999,12,11.1N,60.9W,65,-999,-999,-999,-999,-999,-999,-999,-999,-999,-999,-999,-999,-999,-999
18921007,0000,-999,12,11.1N,62.0W,70,-999,-999,-999,-999,-999,-999,-999,-999,-999,-999,-999,-999,-999,-999
18921007,0600,-999,12,11.2N,63.2W,75,-999,-999,-999,-999,-999,-999,-999,-999,-999,-999,-999,-999,-999,-999
18921007,1200,-999,12,11.3N,64.4W,80,-999,-999,-999,-999,-999,-999,-999,-999,-999,-999,-999,-999,-999,-999
18921007,1800,-999,12,11.5N,65.7W,80,-999,-999,-999,-999,-999,-999,-999,-999,-999,-999,-999,-999,-999,-999
18921008,0000,-999,12,11.6N,67.0W,85,-999,-999,-999,-999,-999,-999,-999,-999,-999,-999,-999,-999,-999,-999
18921008,0600,-999,12,11.8N,68.3W,85,-999,-999,-999,-999,-999,-999,-999,-999,-999,-999,-999,-999,-999,-999
18921008,1200,-999,12,12.0N,69.6W,85,-999,-999,-999,-999,-999,-999,-999,-999,-999,-999,-999,-999,-999,-999
18921008,1800,-999,12,12.2N,70.8W,85,-999,-999,-999,-999,-999,-999,-999,-999,-999,-999,-999,-999,-999,-999
18921009,0000,-999,12,12.4N,72.0W,85,-999,-999,-999,-999,-999,-999,-999,-999,-999,-999,-999,-999,-999,-999
18921009,0600,-999,12,12.5N,73.1W,85,-999,-999,-999,-999,-999,-999,-999,-999,-999,-999,-999,-999,-999,-999
18921009,1200,-999,12,12.7N,74.3W,85,-999,-999,-999,-999,-999,-999,-999,-999,-999,-999,-999,-999,-999,-999
18921009,1800,-999,12,12.9N,75.6W,85,-999,-999,-999,-999,-999,-999,-999,-999,-999,-999,-999,-999,-999,-999
18921010,0000,-999,12,13.1N,76.9W,85,-999,-999,-999,-999,-999,-999,-999,-999,-999,-999,-999,-999,-999,-999
18921010,0600,-999,12,13.4N,78.3W,85,-999,-999,-999,-999,-999,-999,-999,-999,-999,-999,-999,-999,-999,-999
18921010,1200,-999,12,13.7N,79.5W,85,-999,-999,-999,-999,-999,-999,-999,-999,-999,-999,-999,-999,-999,-999
18921010,1800,-999,12,14.0N,80.5W,85,-999,-999,-999,-999,-999,-999,-999,-999,-999,-999,-999,-999,-999,-999
18921011,0000,-999,12,14.3N,81.3W,85,-999,-999,-999,-999,-999,-999,-999,-999,-999,-999,-999,-999,-999,-999
18921011,0600,-999,12,14.6N,82.1W,85,-999,-999,-999,-999,-999,-999,-999,-999,-999,-999,-999,-999,-999,-999
18921011,1200,-999,12,15.0N,83.0W,85,-999,-999,-999,-999,-999,-999,-999,-999,-999,-999,-999,-999,-999,-999
18921011,1800,-999,12,15.5N,84.1W,80,-999,-999,-999,-999,-999,-999,-999,-999,-999,-999,-999,-999,-999,-999
18921012,0000,-999,12,15.9N,85.1W,75,-999,-999,-999,-999,-999,-999,-999,-999,-999,-999,-999,-999,-999,-999
18921012,0600,-999,12,16.4N,86.2W,80,-999,-999,-999,-999,-999,-999,-999,-999,-999,-999,-999,-999,-999,-999
18921012,1200,-999,12,16.9N,87.2W,85,-999,-999,-999,-999,-999,-999,-999,-999,-999,-999,-999,-999,-999,-999
18921012,1800,-999,12,17.4N,88.3W,85,-999,-999,-999,-999,-999,-999,-999,-999,-999,-999,-999,-999,-999,-999
18921013,0000,-999,11,17.9N,89.3W,60,-999,-999,-999,-999,-999,-999,-999,-999,-999,-999,-999,-999,-999,-999
18921013,0600,-999,11,18.3N,90.4W,55,-999,-999,-999,-999,-999,-999,-999,-999,-999,-999,-999,-999,-999,-999
18921013,1200,-999,11,18.7N,91.4W,55,-999,-999,-999,-999,-999,-999,-999,-999,-999,-999,-999,-999,-999,-999
18921013,1800,-999,12,19.0N,92.3W,65,-999,-999,-999,-999,-999,-999,-999,-999,-999,-999,-999,-999,-999,-999
18921014,0000,-999,12,19.3N,93.0W,70,-999,-999,-999,-999,-999,-999,-999,-999,-999,-999,-999,-999,-999,-999
18921014,0600,-999,12,19.5N,93.5W,75,-999,-999,-999,-999,-999,-999,-999,-999,-999,-999,-999,-999,-999,-999
18921014,1200,-999,12,19.8N,94.1W,80,-999,-999,-999,-999,-999,-999,-999,-999,-999,-999,-999,-999,-999,-999
18921014,1800,-999,12,20.0N,94.7W,85,-999,-999,-999,-999,-999,-999,-999,-999,-999,-999,-999,-999,-999,-999
18921015,0000,-999,12,20.3N,95.4W,85,-999,-999,-999,-999,-999,-999,-999,-999,-999,-999,-999,-999,-999,-999
18921015,0600,-999,12,20.6N,96.0W,85,-999,-999,-999,-999,-999,-999,-999,-999,-999,-999,-999,-999,-999,-999
18921015,1200,-999,12,20.9N,96.6W,80,-999,-999,-999,-999,-999,-999,-999,-999,-999,-999,-999,-999,-999,-999
18921015,1800,-999,12,21.3N,97.3W,70,-999,-999,-999,-999,-999,-999,-999,-999,-999,-999,-999,-999,-999,-999
18921016,0000,-999,11,21.7N,98.0W,35,-999,-999,-999,-999,-999,-999,-999,-999,-999,-999,-999,-999,-999,-999
-999,-999,-999,-999,-999,-999,-999,-999,-999,-999,-999,-999,-999,-999,-999,-999,-999,-999,-999,-999,-999
-999,-999,-999,-999,-999,-999,-999,-999,-999,-999,-999,-999,-999,-999,-999,-999,-999,-999,-999,-999,-999
-999,-999,-999,-999,-999,-999,-999,-999,-999,-999,-999,-999,-999,-999,-999,-999,-999,-999,-999,-999,-999
-999,-999,-999,-999,-999,-999,-999,-999,-999,-999,-999,-999,-999,-999,-999,-999,-999,-999,-999,-999,-999
-999,-999,-999,-999,-999,-999,-999,-999,-999,-999,-999,-999,-999,-999,-999,-999,-999,-999,-999,-999,-999
-999,-999,-999,-999,-999,-999,-999,-999,-999,-999,-999,-999,-999,-999,-999,-999,-999,-999,-999,-999,-999
-999,-999,-999,-999,-999,-999,-999,-999,-999,-999,-999,-999,-999,-999,-999,-999,-999,-999,-999,-999,-999
-999,-999,-999,-999,-999,-999,-999,-999,-999,-999,-999,-999,-999,-999,-999,-999,-999,-999,-999,-999,-999
-999,-999,-999,-999,-999,-999,-999,-999,-999,-999,-999,-999,-999,-999,-999,-999,-999,-999,-999,-999,-999
-999,-999,-999,-999,-999,-999,-999,-999,-999,-999,-999,-999,-999,-999,-999,-999,-999,-999,-999,-999,-999
-999,-999,-999,-999,-999,-999,-999,-999,-999,-999,-999,-999,-999,-999,-999,-999,-999,-999,-999,-999,-999
-999,-999,-999,-999,-999,-999,-999,-999,-999,-999,-999,-999,-999,-999,-999,-999,-999,-999,-999,-999,-999
-999,-999,-999,-999,-999,-999,-999,-999,-999,-999,-999,-999,-999,-999,-999,-999,-999,-999,-999,-999,-999
-999,-999,-999,-999,-999,-999,-999,-999,-999,-999,-999,-999,-999,-999,-999,-999,-999,-999,-999,-999,-999
-999,-999,-999,-999,-999,-999,-999,-999,-999,-999,-999,-999,-999,-999,-999,-999,-999,-999,-999,-999,-999
-999,-999,-999,-999,-999,-999,-999,-999,-999,-999,-999,-999,-999,-999,-999,-999,-999,-999,-999,-999,-999
-999,-999,-999,-999,-999,-999,-999,-999,-999,-999,-999,-999,-999,-999,-999,-999,-999,-999,-999,-999,-999
-999,-999,-999,-999,-999,-999,-999,-999,-999,-999,-999,-999,-999,-999,-999,-999,-999,-999,-999,-999,-999
-999,-999,-999,-999,-999,-999,-999,-999,-999,-999,-999,-999,-999,-999,-999,-999,-999,-999,-999,-999,-999
-999,-999,-999,-999,-999,-999,-999,-999,-999,-999,-999,-999,-999,-999,-999,-999,-999,-999,-999,-999,-999
-999,-999,-999,-999,-999,-999,-999,-999,-999,-999,-999,-999,-999,-999,-999,-999,-999,-999,-999,-999,-999
-999,-999,-999,-999,-999,-999,-999,-999,-999,-999,-999,-999,-999,-999,-999,-999,-999,-999,-999,-999,-999
-999,-999,-999,-999,-999,-999,-999,-999,-999,-999,-999,-999,-999,-999,-999,-999,-999,-999,-999,-999,-999
-999,-999,-999,-999,-999,-999,-999,-999,-999,-999,-999,-999,-999,-999,-999,-999,-999,-999,-999,-999,-999
-999,-999,-999,-999,-999,-999,-999,-999,-999,-999,-999,-999,-999,-999,-999,-999,-999,-999,-999,-999,-999
-999,-999,-999,-999,-999,-999,-999,-999,-999,-999,-999,-999,-999,-999,-999,-999,-999,-999,-999,-999,-999
-999,-999,-999,-999,-999,-999,-999,-999,-999,-999,-999,-999,-999,-999,-999,-999,-999,-999,-999,-999,-999
-999,-999,-999,-999,-999,-999,-999,-999,-999,-999,-999,-999,-999,-999,-999,-999,-999,-999,-999,-999,-999
-999,-999,-999,-999,-999,-999,-999,-999,-999,-999,-999,-999,-999,-999,-999,-999,-999,-999,-999,-999,-999
-999,-999,-999,-999,-999,-999,-999,-999,-999,-999,-999,-999,-999,-999,-999,-999,-999,-999,-999,-999,-999
-999,-999,-999,-999,-999,-999,-999,-999,-999,-999,-999,-999,-999,-999,-999,-999,-999,-999,-999,-999,-999
-999,-999,-999,-999,-999,-999,-999,-999,-999,-999,-999,-999,-999,-999,-999,-999,-999,-999,-999,-999,-999
-999,-999,-999,-999,-999,-999,-999,-999,-999,-999,-999,-999,-999,-999,-999,-999,-999,-999,-999,-999,-999
-999,-999,-999,-999,-999,-999,-999,-999,-999,-999,-999,-999,-999,-999,-999,-999,-999,-999,-999,-999,-999
-999,-999,-999,-999,-999,-999,-999,-999,-999,-999,-999,-999,-999,-999,-999,-999,-999,-999,-999,-999,-999
-999,-999,-999,-999,-999,-999,-999,-999,-999,-999,-999,-999,-999,-999,-999,-999,-999,-999,-999,-999,-999
-999,-999,-999,-999,-999,-999,-999,-999,-999,-999,-999,-999,-999,-999,-999,-999,-999,-999,-999,-999,-999
-999,-999,-999,-999,-999,-999,-999,-999,-999,-999,-999,-999,-999,-999,-999,-999,-999,-999,-999,-999,-999
-999,-999,-999,-999,-999,-999,-999,-999,-999,-999,-999,-999,-999,-999,-999,-999,-999,-999,-999,-999,-999
-999,-999,-999,-999,-999,-999,-999,-999,-999,-999,-999,-999,-999,-999,-999,-999,-999,-999,-999,-999,-999
-999,-999,-999,-999,-999,-999,-999,-999,-999,-999,-999,-999,-999,-999,-999,-999,-999,-999,-999,-999,-999
-999,-999,-999,-999,-999,-999,-999,-999,-999,-999,-999,-999,-999,-999,-999,-999,-999,-999,-999,-999,-999
-999,-999,-999,-999,-999,-999,-999,-999,-999,-999,-999,-999,-999,-999,-999,-999,-999,-999,-999,-999,-999
-999,-999,-999,-999,-999,-999,-999,-999,-999,-999,-999,-999,-999,-999,-999,-999,-999,-999,-999,-999,-999
-999,-999,-999,-999,-999,-999,-999,-999,-999,-999,-999,-999,-999,-999,-999,-999,-999,-999,-999,-999,-999
-999,-999,-999,-999,-999,-999,-999,-999,-999,-999,-999,-999,-999,-999,-999,-999,-999,-999,-999,-999,-999
-999,-999,-999,-999,-999,-999,-999,-999,-999,-999,-999,-999,-999,-999,-999,-999,-999,-999,-999,-999,-999
-999,-999,-999,-999,-999,-999,-999,-999,-999,-999,-999,-999,-999,-999,-999,-999,-999,-999,-999,-999,-999
-999,-999,-999,-999,-999,-999,-999,-999,-999,-999,-999,-999,-999,-999,-999,-999,-999,-999,-999,-999,-999
-999,-999,-999,-999,-999,-999,-999,-999,-999,-999,-999,-999,-999,-999,-999,-999,-999,-999,-999,-999,-999
-999,-999,-999,-999,-999,-999,-999,-999,-999,-999,-999,-999,-999,-999,-999,-999,-999,-999,-999,-999,-999
-999,-999,-999,-999,-999,-999,-999,-999,-999,-999,-999,-999,-999,-999,-999,-999,-999,-999,-999,-999,-999
-999,-999,-999,-999,-999,-999,-999,-999,-999,-999,-999,-999,-999,-999,-999,-999,-999,-999,-999,-999,-999
-999,-999,-999,-999,-999,-999,-999,-999,-999,-999,-999,-999,-999,-999,-999,-999,-999,-999,-999,-999,-999
-999,-999,-999,-999,-999,-999,-999,-999,-999,-999,-999,-999,-999,-999,-999,-999,-999,-999,-999,-999,-999
-999,-999,-999,-999,-999,-999,-999,-999,-999,-999,-999,-999,-999,-999,-999,-999,-999,-999,-999,-999,-999
-999,-999,-999,-999,-999,-999,-999,-999,-999,-999,-999,-999,-999,-999,-999,-999,-999,-999,-999,-999,-999
-999,-999,-999,-999,-999,-999,-999,-999,-999,-999,-999,-999,-999,-999,-999,-999,-999,-999,-999,-999,-999
-999,-999,-999,-999,-999,-999,-999,-999,-999,-999,-999,-999,-999,-999,-999,-999,-999,-999,-999,-999,-999
-999,-999,-999,-999,-999,-999,-999,-999,-999,-999,-999,-999,-999,-999,-999,-999,-999,-999,-999,-999,-999
-999,-999,-999,-999,-999,-999,-999,-999,-999,-999,-999,-999,-999,-999,-999,-999,-999,-999,-999,-999,-999
-999,-999,-999,-999,-999,-999,-999,-999,-999,-999,-999,-999,-999,-999,-999,-999,-999,-999,-999,-999,-999
-999,-999,-999,-999,-999,-999,-999,-999,-999,-999,-999,-999,-999,-999,-999,-999,-999,-999,-999,-999,-999
-999,-999,-999,-999,-999,-999,-999,-999,-999,-999,-999,-999,-999,-999,-999,-999,-999,-999,-999,-999,-999
-999,-999,-999,-999,-999,-999,-999,-999,-999,-999,-999,-999,-999,-999,-999,-999,-999,-999,-999,-999,-999
-999,-999,-999,-999,-999,-999,-999,-999,-999,-999,-999,-999,-999,-999,-999,-999,-999,-999,-999,-999,-999
-999,-999,-999,-999,-999,-999,-999,-999,-999,-999,-999,-999,-999,-999,-999,-999,-999,-999,-999,-999,-999
-999,-999,-999,-999,-999,-999,-999,-999,-999,-999,-999,-999,-999,-999,-999,-999,-999,-999,-999,-999,-999
-999,-999,-999,-999,-999,-999,-999,-999,-999,-999,-999,-999,-999,-999,-999,-999,-999,-999,-999,-999,-999
-999,-999,-999,-999,-999,-999,-999,-999,-999,-999,-999,-999,-999,-999,-999,-999,-999,-999,-999,-999,-999
-999,-999,-999,-999,-999,-999,-999,-999,-999,-999,-999,-999,-999,-999,-999,-999,-999,-999,-999,-999,-999
-999,-999,-999,-999,-999,-999,-999,-999,-999,-999,-999,-999,-999,-999,-999,-999,-999,-999,-999,-999,-999
-999,-999,-999,-999,-999,-999,-999,-999,-999,-999,-999,-999,-999,-999,-999,-999,-999,-999,-999,-999,-999
-999,-999,-999,-999,-999,-999,-999,-999,-999,-999,-999,-999,-999,-999,-999,-999,-999,-999,-999,-999,-999
-999,-999,-999,-999,-999,-999,-999,-999,-999,-999,-999,-999,-999,-999,-999,-999,-999,-999,-999,-999,-999
-999,-999,-999,-999,-999,-999,-999,-999,-999,-999,-999,-999,-999,-999,-999,-999,-999,-999,-999,-999,-999
-999,-999,-999,-999,-999,-999,-999,-999,-999,-999,-999,-999,-999,-999,-999,-999,-999,-999,-999,-999,-999
-999,-999,-999,-999,-999,-999,-999,-999,-999,-999,-999,-999,-999,-999,-999,-999,-999,-999,-999,-999,-999
-999,-999,-999,-999,-999,-999,-999,-999,-999,-999,-999,-999,-999,-999,-999,-999,-999,-999,-999,-999,-999
-999,-999,-999,-999,-999,-999,-999,-999,-999,-999,-999,-999,-999,-999,-999,-999,-999,-999,-999,-999,-999
-999,-999,-999,-999,-999,-999,-999,-999,-999,-999,-999,-999,-999,-999,-999,-999,-999,-999,-999,-999,-999
-999,-999,-999,-999,-999,-999,-999,-999,-999,-999,-999,-999,-999,-999,-999,-999,-999,-999,-999,-999,-999
-999,-999,-999,-999,-999,-999,-999,-999,-999,-999,-999,-999,-999,-999,-999,-999,-999,-999,-999,-999,-999
-999,-999,-999,-999,-999,-999,-999,-999,-999,-999,-999,-999,-999,-999,-999,-999,-999,-999,-999,-999,-999
-999,-999,-999,-999,-999,-999,-999,-999,-999,-999,-999,-999,-999,-999,-999,-999,-999,-999,-999,-999,-999
-999,-999,-999,-999,-999,-999,-999,-999,-999,-999,-999,-999,-999,-999,-999,-999,-999,-999,-999,-999,-999
-999,-999,-999,-999,-999,-999,-999,-999,-999,-999,-999,-999,-999,-999,-999,-999,-999,-999,-999,-999,-999
