19580921,1200,-999,10,17.6N,54.2W,25,-999,-999,-999,-999,-999,-999,-999,-999,-999,-999,-999,-999,-999,-999
19580921,1800,-999,10,18.3N,56.3W,25,-999,-999,-999,-999,-999,-999,-999,-999,-999,-999,-999,-999,-999,-999
19580922,0000,-999,10,19.1N,58.4W,25,-999,-999,-999,-999,-999,-999,-999,-999,-999,-999,-999,-999,-999,-999
19580922,0600,-999,10,20.1N,60.4W,25,-999,-999,-999,-999,-999,-999,-999,-999,-999,-999,-999,-999,-999,-999
19580922,1200,-999,10,21.1N,62.4W,25,-999,-999,-999,-999,-999,-999,-999,-999,-999,-999,-999,-999,-999,-999
19580922,1800,-999,10,21.9N,64.1W,30,1013,-999,-999,-999,-999,-999,-999,-999,-999,-999,-999,-999,-999,-999
19580923,0000,-999,11,22.4N,65.2W,35,-999,-999,-999,-999,-999,-999,-999,-999,-999,-999,-999,-999,-999,-999
19580923,0600,-999,11,23.0N,66.2W,40,-999,-999,-999,-999,-999,-999,-999,-999,-999,-999,-999,-999,-999,-999
19580923,1200,-999,11,23.5N,67.2W,40,1003,-999,-999,-999,-999,-999,-999,-999,-999,-999,-999,-999,-999,-999
19580923,1800,-999,11,24.0N,68.4W,45,1000,-999,-999,-999,-999,-999,-999,-999,-999,-999,-999,-999,-999,-999
19580924,0000,-999,11,24.6N,69.6W,50,-999,-999,-999,-999,-999,-999,-999,-999,-999,-999,-999,-999,-999,-999
19580924,0600,-999,11,25.6N,70.7W,55,-999,-999,-999,-999,-999,-999,-999,-999,-999,-999,-999,-999,-999,-999
19580924,1200,-999,11,26.5N,71.7W,60,997,-999,-999,-999,-999,-999,-999,-999,-999,-999,-999,-999,-999,-999
19580924,1800,-999,11,27.2N,72.4W,60,995,-999,-999,-999,-999,-999,-999,-999,-999,-999,-999,-999,-999,-999
19580925,0000,-999,12,27.7N,73.0W,65,-999,-999,-999,-999,-999,-999,-999,-999,-999,-999,-999,-999,-999,-999
19580925,0600,-999,12,28.3N,73.5W,70,-999,-999,-999,-999,-999,-999,-999,-999,-999,-999,-999,-999,-999,-999
19580925,1200,-999,12,28.8N,73.9W,70,-999,-999,-999,-999,-999,-999,-999,-999,-999,-999,-999,-999,-999,-999
19580925,1800,-999,12,29.2N,74.2W,70,982,-999,-999,-999,-999,-999,-999,-999,-999,-999,-999,-999,-999,-999
19580926,0000,-999,12,29.5N,74.7W,70,981,-999,-999,-999,-999,-999,-999,-999,-999,-999,-999,-999,-999,-999
19580926,0600,-999,12,29.7N,75.4W,80,974,-999,-999,-999,-999,-999,-999,-999,-999,-999,-999,-999,-999,-999
19580926,1200,-999,12,30.2N,76.2W,95,963,-999,-999,-999,-999,-999,-999,-999,-999,-999,-999,-999,-999,-999
19580926,1800,-999,12,30.9N,77.3W,110,948,-999,-999,-999,-999,-999,-999,-999,-999,-999,-999,-999,-999,-999
19580927,0000,-999,12,31.6N,78.3W,115,943,-999,-999,-999,-999,-999,-999,-999,-999,-999,-999,-999,-999,-999
19580927,0600,-999,12,32.3N,78.6W,125,933,-999,-999,-999,-999,-999,-999,-999,-999,-999,-999,-999,-999,-999
19580927,0900,4,12,32.7N,78.6W,130,930,-999,-999,-999,-999,-999,-999,-999,-999,-999,-999,-999,-999,-999
19580927,1200,-999,12,33.1N,78.5W,120,938,-999,-999,-999,-999,-999,-999,-999,-999,-999,-999,-999,-999,-999
19580927,1800,-999,12,33.9N,77.6W,120,-999,-999,-999,-999,-999,-999,-999,-999,-999,-999,-999,-999,-999,20
19580928,0000,-999,12,34.7N,75.9W,115,938,-999,-999,-999,-999,-999,-999,-999,-999,-999,-999,-999,-999,-999
19580928,0600,-999,12,35.5N,73.8W,110,950,-999,-999,-999,-999,-999,-999,-999,-999,-999,-999,-999,-999,-999
19580928,1200,-999,12,36.6N,71.3W,100,955,-999,-999,-999,-999,-999,-999,-999,-999,-999,-999,-999,-999,-999
19580928,1800,-999,12,38.0N,68.3W,100,-999,-999,-999,-999,-999,-999,-999,-999,-999,-999,-999,-999,-999,-999
19580929,0000,-999,12,40.0N,65.0W,95,957,-999,-999,-999,-999,-999,-999,-999,-999,-999,-999,-999,-999,-999
19580929,0600,-999,13,43.0N,62.5W,85,-999,-999,-999,-999,-999,-999,-999,-999,-999,-999,-999,-999,-999,-999
19580929,1200,-999,13,46.5N,60.2W,75,-999,-999,-999,-999,-999,-999,-999,-999,-999,-999,-999,-999,-999,-999
19580929,1800,-999,13,49.5N,56.0W,70,-999,-999,-999,-999,-999,-999,-999,-999,-999,-999,-999,-999,-999,-999
19580930,0000,-999,13,51.5N,51.5W,65,-999,-999,-999,-999,-999,-999,-999,-999,-999,-999,-999,-999,-999,-999
19580930,0600,-999,13,53.5N,48.8W,60,-999,-999,-999,-999,-999,-999,-999,-999,-999,-999,-999,-999,-999,-999
19580930,1200,-999,13,55.0N,46.0W,60,-999,-999,-999,-999,-999,-999,-999,-999,-999,-999,-999,-999,-999,-999
19580930,1800,-999,13,56.2N,41.5W,60,-999,-999,-999,-999,-999,-999,-999,-999,-999,-999,-999,-999,-999,-999
19581001,0000,-999,13,57.0N,37.3W,60,-999,-999,-999,-999,-999,-999,-999,-999,-999,-999,-999,-999,-999,-999
19581001,0600,-999,13,57.0N,34.5W,60,-999,-999,-999,-999,-999,-999,-999,-999,-999,-999,-999,-999,-999,-999
19581001,1200,-999,13,56.5N,32.0W,65,-999,-999,-999,-999,-999,-999,-999,-999,-999,-999,-999,-999,-999,-999
19581001,1800,-999,13,55.8N,30.0W,70,-999,-999,-999,-999,-999,-999,-999,-999,-999,-999,-999,-999,-999,-999
19581002,0000,-999,13,55.0N,27.0W,70,-999,-999,-999,-999,-999,-999,-999,-999,-999,-999,-999,-999,-999,-999
19581002,0600,-999,13,54.0N,23.0W,65,-999,-999,-999,-999,-999,-999,-999,-999,-999,-999,-999,-999,-999,-999
19581002,1200,-999,13,52.3N,20.5W,55,-999,-999,-999,-999,-999,-999,-999,-999,-999,-999,-999,-999,-999,-999
19581002,1800,-999,13,50.7N,19.0W,50,-999,-999,-999,-999,-999,-999,-999,-999,-999,-999,-999,-999,-999,-999
19581003,0000,-999,13,51.0N,16.0W,50,-999,-999,-999,-999,-999,-999,-999,-999,-999,-999,-999,-999,-999,-999
19581003,0600,-999,13,51.2N,13.8W,45,-999,-999,-999,-999,-999,-999,-999,-999,-999,-999,-999,-999,-999,-999
19581003,1200,-999,13,51.2N,12.8W,40,-999,-999,-999,-999,-999,-999,-999,-999,-999,-999,-999,-999,-999,-999
19581003,1800,-999,13,51.2N,11.5W,40,-999,-999,-999,-999,-999,-999,-999,-999,-999,-999,-999,-999,-999,-999
19581004,0000,-999,13,51.2N,8.5W,35,-999,-999,-999,-999,-999,-999,-999,-999,-999,-999,-999,-999,-999,-999
19581004,0600,-999,13,51.2N,5.5W,35,-999,-999,-999,-999,-999,-999,-999,-999,-999,-999,-999,-999,-999,-999
-999,-999,-999,-999,-999,-999,-999,-999,-999,-999,-999,-999,-999,-999,-999,-999,-999,-999,-999,-999,-999
-999,-999,-999,-999,-999,-999,-999,-999,-999,-999,-999,-999,-999,-999,-999,-999,-999,-999,-999,-999,-999
-999,-999,-999,-999,-999,-999,-999,-999,-999,-999,-999,-999,-999,-999,-999,-999,-999,-999,-999,-999,-999
-999,-999,-999,-999,-999,-999,-999,-999,-999,-999,-999,-999,-999,-999,-999,-999,-999,-999,-999,-999,-999
-999,-999,-999,-999,-999,-999,-999,-999,-999,-999,-999,-999,-999,-999,-999,-999,-999,-999,-999,-999,-999
-999,-999,-999,-999,-999,-999,-999,-999,-999,-999,-999,-999,-999,-999,-999,-999,-999,-999,-999,-999,-999
-999,-999,-999,-999,-999,-999,-999,-999,-999,-999,-999,-999,-999,-999,-999,-999,-999,-999,-999,-999,-999
-999,-999,-999,-999,-999,-999,-999,-999,-999,-999,-999,-999,-999,-999,-999,-999,-999,-999,-999,-999,-999
-999,-999,-999,-999,-999,-999,-999,-999,-999,-999,-999,-999,-999,-999,-999,-999,-999,-999,-999,-999,-999
-999,-999,-999,-999,-999,-999,-999,-999,-999,-999,-999,-999,-999,-999,-999,-999,-999,-999,-999,-999,-999
-999,-999,-999,-999,-999,-999,-999,-999,-999,-999,-999,-999,-999,-999,-999,-999,-999,-999,-999,-999,-999
-999,-999,-999,-999,-999,-999,-999,-999,-999,-999,-999,-999,-999,-999,-999,-999,-999,-999,-999,-999,-999
-999,-999,-999,-999,-999,-999,-999,-999,-999,-999,-999,-999,-999,-999,-999,-999,-999,-999,-999,-999,-999
-999,-999,-999,-999,-999,-999,-999,-999,-999,-999,-999,-999,-999,-999,-999,-999,-999,-999,-999,-999,-999
-999,-999,-999,-999,-999,-999,-999,-999,-999,-999,-999,-999,-999,-999,-999,-999,-999,-999,-999,-999,-999
-999,-999,-999,-999,-999,-999,-999,-999,-999,-999,-999,-999,-999,-999,-999,-999,-999,-999,-999,-999,-999
-999,-999,-999,-999,-999,-999,-999,-999,-999,-999,-999,-999,-999,-999,-999,-999,-999,-999,-999,-999,-999
-999,-999,-999,-999,-999,-999,-999,-999,-999,-999,-999,-999,-999,-999,-999,-999,-999,-999,-999,-999,-999
-999,-999,-999,-999,-999,-999,-999,-999,-999,-999,-999,-999,-999,-999,-999,-999,-999,-999,-999,-999,-999
-999,-999,-999,-999,-999,-999,-999,-999,-999,-999,-999,-999,-999,-999,-999,-999,-999,-999,-999,-999,-999
-999,-999,-999,-999,-999,-999,-999,-999,-999,-999,-999,-999,-999,-999,-999,-999,-999,-999,-999,-999,-999
-999,-999,-999,-999,-999,-999,-999,-999,-999,-999,-999,-999,-999,-999,-999,-999,-999,-999,-999,-999,-999
-999,-999,-999,-999,-999,-999,-999,-999,-999,-999,-999,-999,-999,-999,-999,-999,-999,-999,-999,-999,-999
-999,-999,-999,-999,-999,-999,-999,-999,-999,-999,-999,-999,-999,-999,-999,-999,-999,-999,-999,-999,-999
-999,-999,-999,-999,-999,-999,-999,-999,-999,-999,-999,-999,-999,-999,-999,-999,-999,-999,-999,-999,-999
-999,-999,-999,-999,-999,-999,-999,-999,-999,-999,-999,-999,-999,-999,-999,-999,-999,-999,-999,-999,-999
-999,-999,-999,-999,-999,-999,-999,-999,-999,-999,-999,-999,-999,-999,-999,-999,-999,-999,-999,-999,-999
-999,-999,-999,-999,-999,-999,-999,-999,-999,-999,-999,-999,-999,-999,-999,-999,-999,-999,-999,-999,-999
-999,-999,-999,-999,-999,-999,-999,-999,-999,-999,-999,-999,-999,-999,-999,-999,-999,-999,-999,-999,-999
-999,-999,-999,-999,-999,-999,-999,-999,-999,-999,-999,-999,-999,-999,-999,-999,-999,-999,-999,-999,-999
-999,-999,-999,-999,-999,-999,-999,-999,-999,-999,-999,-999,-999,-999,-999,-999,-999,-999,-999,-999,-999
-999,-999,-999,-999,-999,-999,-999,-999,-999,-999,-999,-999,-999,-999,-999,-999,-999,-999,-999,-999,-999
-999,-999,-999,-999,-999,-999,-999,-999,-999,-999,-999,-999,-999,-999,-999,-999,-999,-999,-999,-999,-999
-999,-999,-999,-999,-999,-999,-999,-999,-999,-999,-999,-999,-999,-999,-999,-999,-999,-999,-999,-999,-999
-999,-999,-999,-999,-999,-999,-999,-999,-999,-999,-999,-999,-999,-999,-999,-999,-999,-999,-999,-999,-999
-999,-999,-999,-999,-999,-999,-999,-999,-999,-999,-999,-999,-999,-999,-999,-999,-999,-999,-999,-999,-999
-999,-999,-999,-999,-999,-999,-999,-999,-999,-999,-999,-999,-999,-999,-999,-999,-999,-999,-999,-999,-999
-999,-999,-999,-999,-999,-999,-999,-999,-999,-999,-999,-999,-999,-999,-999,-999,-999,-999,-999,-999,-999
-999,-999,-999,-999,-999,-999,-999,-999,-999,-999,-999,-999,-999,-999,-999,-999,-999,-999,-999,-999,-999
-999,-999,-999,-999,-999,-999,-999,-999,-999,-999,-999,-999,-999,-999,-999,-999,-999,-999,-999,-999,-999
-999,-999,-999,-999,-999,-999,-999,-999,-999,-999,-999,-999,-999,-999,-999,-999,-999,-999,-999,-999,-999
-999,-999,-999,-999,-999,-999,-999,-999,-999,-999,-999,-999,-999,-999,-999,-999,-999,-999,-999,-999,-999
-999,-999,-999,-999,-999,-999,-999,-999,-999,-999,-999,-999,-999,-999,-999,-999,-999,-999,-999,-999,-999
-999,-999,-999,-999,-999,-999,-999,-999,-999,-999,-999,-999,-999,-999,-999,-999,-999,-999,-999,-999,-999
-999,-999,-999,-999,-999,-999,-999,-999,-999,-999,-999,-999,-999,-999,-999,-999,-999,-999,-999,-999,-999
-999,-999,-999,-999,-999,-999,-999,-999,-999,-999,-999,-999,-999,-999,-999,-999,-999,-999,-999,-999,-999
-999,-999,-999,-999,-999,-999,-999,-999,-999,-999,-999,-999,-999,-999,-999,-999,-999,-999,-999,-999,-999
-999,-999,-999,-999,-999,-999,-999,-999,-999,-999,-999,-999,-999,-999,-999,-999,-999,-999,-999,-999,-999
-999,-999,-999,-999,-999,-999,-999,-999,-999,-999,-999,-999,-999,-999,-999,-999,-999,-999,-999,-999,-999
-999,-999,-999,-999,-999,-999,-999,-999,-999,-999,-999,-999,-999,-999,-999,-999,-999,-999,-999,-999,-999
-999,-999,-999,-999,-999,-999,-999,-999,-999,-999,-999,-999,-999,-999,-999,-999,-999,-999,-999,-999,-999
-999,-999,-999,-999,-999,-999,-999,-999,-999,-999,-999,-999,-999,-999,-999,-999,-999,-999,-999,-999,-999
-999,-999,-999,-999,-999,-999,-999,-999,-999,-999,-999,-999,-999,-999,-999,-999,-999,-999,-999,-999,-999
-999,-999,-999,-999,-999,-999,-999,-999,-999,-999,-999,-999,-999,-999,-999,-999,-999,-999,-999,-999,-999
-999,-999,-999,-999,-999,-999,-999,-999,-999,-999,-999,-999,-999,-999,-999,-999,-999,-999,-999,-999,-999
-999,-999,-999,-999,-999,-999,-999,-999,-999,-999,-999,-999,-999,-999,-999,-999,-999,-999,-999,-999,-999
-999,-999,-999,-999,-999,-999,-999,-999,-999,-999,-999,-999,-999,-999,-999,-999,-999,-999,-999,-999,-999
-999,-999,-999,-999,-999,-999,-999,-999,-999,-999,-999,-999,-999,-999,-999,-999,-999,-999,-999,-999,-999
-999,-999,-999,-999,-999,-999,-999,-999,-999,-999,-999,-999,-999,-999,-999,-999,-999,-999,-999,-999,-999
-999,-999,-999,-999,-999,-999,-999,-999,-999,-999,-999,-999,-999,-999,-999,-999,-999,-999,-999,-999,-999
-999,-999,-999,-999,-999,-999,-999,-999,-999,-999,-999,-999,-999,-999,-999,-999,-999,-999,-999,-999,-999
-999,-999,-999,-999,-999,-999,-999,-999,-999,-999,-999,-999,-999,-999,-999,-999,-999,-999,-999,-999,-999
-999,-999,-999,-999,-999,-999,-999,-999,-999,-999,-999,-999,-999,-999,-999,-999,-999,-999,-999,-999,-999
-999,-999,-999,-999,-999,-999,-999,-999,-999,-999,-999,-999,-999,-999,-999,-999,-999,-999,-999,-999,-999
-999,-999,-999,-999,-999,-999,-999,-999,-999,-999,-999,-999,-999,-999,-999,-999,-999,-999,-999,-999,-999
-999,-999,-999,-999,-999,-999,-999,-999,-999,-999,-999,-999,-999,-999,-999,-999,-999,-999,-999,-999,-999
-999,-999,-999,-999,-999,-999,-999,-999,-999,-999,-999,-999,-999,-999,-999,-999,-999,-999,-999,-999,-999
-999,-999,-999,-999,-999,-999,-999,-999,-999,-999,-999,-999,-999,-999,-999,-999,-999,-999,-999,-999,-999
-999,-999,-999,-999,-999,-999,-999,-999,-999,-999,-999,-999,-999,-999,-999,-999,-999,-999,-999,-999,-999
-999,-999,-999,-999,-999,-999,-999,-999,-999,-999,-999,-999,-999,-999,-999,-999,-999,-999,-999,-999,-999
-999,-999,-999,-999,-999,-999,-999,-999,-999,-999,-999,-999,-999,-999,-999,-999,-999,-999,-999,-999,-999
-999,-999,-999,-999,-999,-999,-999,-999,-999,-999,-999,-999,-999,-999,-999,-999,-999,-999,-999,-999,-999
-999,-999,-999,-999,-999,-999,-999,-999,-999,-999,-999,-999,-999,-999,-999,-999,-999,-999,-999,-999,-999
-999,-999,-999,-999,-999,-999,-999,-999,-999,-999,-999,-999,-999,-999,-999,-999,-999,-999,-999,-999,-999
-999,-999,-999,-999,-999,-999,-999,-999,-999,-999,-999,-999,-999,-999,-999,-999,-999,-999,-999,-999,-999
-999,-999,-999,-999,-999,-999,-999,-999,-999,-999,-999,-999,-999,-999,-999,-999,-999,-999,-999,-999,-999
-999,-999,-999,-999,-999,-999,-999,-999,-999,-999,-999,-999,-999,-999,-999,-999,-999,-999,-999,-999,-999
-999,-999,-999,-999,-999,-999,-999,-999,-999,-999,-999,-999,-999,-999,-999,-999,-999,-999,-999,-999,-999
19580921,1200,-999,TD,17.6N,54.2W,25,-999,-999,-999,-999,-999,-999,-999,-999,-999,-999,-999,-999,-999,-999
19580921,1800,-999,TD,18.3N,56.3W,25,-999,-999,-999,-999,-999,-999,-999,-999,-999,-999,-999,-999,-999,-999
19580922,0000,-999,TD,19.1N,58.4W,25,-999,-999,-999,-999,-999,-999,-999,-999,-999,-999,-999,-999,-999,-999
19580922,0600,-999,TD,20.1N,60.4W,25,-999,-999,-999,-999,-999,-999,-999,-999,-999,-999,-999,-999,-999,-999
19580922,1200,-999,TD,21.1N,62.4W,25,-999,-999,-999,-999,-999,-999,-999,-999,-999,-999,-999,-999,-999,-999
19580922,1800,-999,TD,21.9N,64.1W,30,1013,-999,-999,-999,-999,-999,-999,-999,-999,-999,-999,-999,-999,-999
19580923,0000,-999,TS,22.4N,65.2W,35,-999,-999,-999,-999,-999,-999,-999,-999,-999,-999,-999,-999,-999,-999
19580923,0600,-999,TS,23.0N,66.2W,40,-999,-999,-999,-999,-999,-999,-999,-999,-999,-999,-999,-999,-999,-999
19580923,1200,-999,TS,23.5N,67.2W,40,1003,-999,-999,-999,-999,-999,-999,-999,-999,-999,-999,-999,-999,-999
19580923,1800,-999,TS,24.0N,68.4W,45,1000,-999,-999,-999,-999,-999,-999,-999,-999,-999,-999,-999,-999,-999
19580924,0000,-999,TS,24.6N,69.6W,50,-999,-999,-999,-999,-999,-999,-999,-999,-999,-999,-999,-999,-999,-999
19580924,0600,-999,TS,25.6N,70.7W,55,-999,-999,-999,-999,-999,-999,-999,-999,-999,-999,-999,-999,-999,-999
19580924,1200,-999,TS,26.5N,71.7W,60,997,-999,-999,-999,-999,-999,-999,-999,-999,-999,-999,-999,-999,-999
19580924,1800,-999,TS,27.2N,72.4W,60,995,-999,-999,-999,-999,-999,-999,-999,-999,-999,-999,-999,-999,-999
19580925,0000,-999,HU,27.7N,73.0W,65,-999,-999,-999,-999,-999,-999,-999,-999,-999,-999,-999,-999,-999,-999
19580925,0600,-999,HU,28.3N,73.5W,70,-999,-999,-999,-999,-999,-999,-999,-999,-999,-999,-999,-999,-999,-999
19580925,1200,-999,HU,28.8N,73.9W,70,-999,-999,-999,-999,-999,-999,-999,-999,-999,-999,-999,-999,-999,-999
19580925,1800,-999,HU,29.2N,74.2W,70,982,-999,-999,-999,-999,-999,-999,-999,-999,-999,-999,-999,-999,-999
19580926,0000,-999,HU,29.5N,74.7W,70,981,-999,-999,-999,-999,-999,-999,-999,-999,-999,-999,-999,-999,-999
19580926,0600,-999,HU,29.7N,75.4W,80,974,-999,-999,-999,-999,-999,-999,-999,-999,-999,-999,-999,-999,-999
19580926,1200,-999,HU,30.2N,76.2W,95,963,-999,-999,-999,-999,-999,-999,-999,-999,-999,-999,-999,-999,-999
19580926,1800,-999,HU,30.9N,77.3W,110,948,-999,-999,-999,-999,-999,-999,-999,-999,-999,-999,-999,-999,-999
19580927,0000,-999,HU,31.6N,78.3W,115,943,-999,-999,-999,-999,-999,-999,-999,-999,-999,-999,-999,-999,-999
19580927,0600,-999,HU,32.3N,78.6W,125,933,-999,-999,-999,-999,-999,-999,-999,-999,-999,-999,-999,-999,-999
19580927,0900,I,HU,32.7N,78.6W,130,930,-999,-999,-999,-999,-999,-999,-999,-999,-999,-999,-999,-999,-999
19580927,1200,-999,HU,33.1N,78.5W,120,938,-999,-999,-999,-999,-999,-999,-999,-999,-999,-999,-999,-999,-999
19580927,1800,-999,HU,33.9N,77.6W,120,-999,-999,-999,-999,-999,-999,-999,-999,-999,-999,-999,-999,-999,20
19580928,0000,-999,HU,34.7N,75.9W,115,938,-999,-999,-999,-999,-999,-999,-999,-999,-999,-999,-999,-999,-999
19580928,0600,-999,HU,35.5N,73.8W,110,950,-999,-999,-999,-999,-999,-999,-999,-999,-999,-999,-999,-999,-999
19580928,1200,-999,HU,36.6N,71.3W,100,955,-999,-999,-999,-999,-999,-999,-999,-999,-999,-999,-999,-999,-999
19580928,1800,-999,HU,38.0N,68.3W,100,-999,-999,-999,-999,-999,-999,-999,-999,-999,-999,-999,-999,-999,-999
19580929,0000,-999,HU,40.0N,65.0W,95,957,-999,-999,-999,-999,-999,-999,-999,-999,-999,-999,-999,-999,-999
19580929,0600,-999,EX,43.0N,62.5W,85,-999,-999,-999,-999,-999,-999,-999,-999,-999,-999,-999,-999,-999,-999
19580929,1200,-999,EX,46.5N,60.2W,75,-999,-999,-999,-999,-999,-999,-999,-999,-999,-999,-999,-999,-999,-999
19580929,1800,-999,EX,49.5N,56.0W,70,-999,-999,-999,-999,-999,-999,-999,-999,-999,-999,-999,-999,-999,-999
19580930,0000,-999,EX,51.5N,51.5W,65,-999,-999,-999,-999,-999,-999,-999,-999,-999,-999,-999,-999,-999,-999
19580930,0600,-999,EX,53.5N,48.8W,60,-999,-999,-999,-999,-999,-999,-999,-999,-999,-999,-999,-999,-999,-999
19580930,1200,-999,EX,55.0N,46.0W,60,-999,-999,-999,-999,-999,-999,-999,-999,-999,-999,-999,-999,-999,-999
19580930,1800,-999,EX,56.2N,41.5W,60,-999,-999,-999,-999,-999,-999,-999,-999,-999,-999,-999,-999,-999,-999
19581001,0000,-999,EX,57.0N,37.3W,60,-999,-999,-999,-999,-999,-999,-999,-999,-999,-999,-999,-999,-999,-999
19581001,0600,-999,EX,57.0N,34.5W,60,-999,-999,-999,-999,-999,-999,-999,-999,-999,-999,-999,-999,-999,-999
19581001,1200,-999,EX,56.5N,32.0W,65,-999,-999,-999,-999,-999,-999,-999,-999,-999,-999,-999,-999,-999,-999
19581001,1800,-999,EX,55.8N,30.0W,70,-999,-999,-999,-999,-999,-999,-999,-999,-999,-999,-999,-999,-999,-999
19581002,0000,-999,EX,55.0N,27.0W,70,-999,-999,-999,-999,-999,-999,-999,-999,-999,-999,-999,-999,-999,-999
19581002,0600,-999,EX,54.0N,23.0W,65,-999,-999,-999,-999,-999,-999,-999,-999,-999,-999,-999,-999,-999,-999
19581002,1200,-999,EX,52.3N,20.5W,55,-999,-999,-999,-999,-999,-999,-999,-999,-999,-999,-999,-999,-999,-999
19581002,1800,-999,EX,50.7N,19.0W,50,-999,-999,-999,-999,-999,-999,-999,-999,-999,-999,-999,-999,-999,-999
19581003,0000,-999,EX,51.0N,16.0W,50,-999,-999,-999,-999,-999,-999,-999,-999,-999,-999,-999,-999,-999,-999
19581003,0600,-999,EX,51.2N,13.8W,45,-999,-999,-999,-999,-999,-999,-999,-999,-999,-999,-999,-999,-999,-999
19581003,1200,-999,EX,51.2N,12.8W,40,-999,-999,-999,-999,-999,-999,-999,-999,-999,-999,-999,-999,-999,-999
19581003,1800,-999,EX,51.2N,11.5W,40,-999,-999,-999,-999,-999,-999,-999,-999,-999,-999,-999,-999,-999,-999
19581004,0000,-999,EX,51.2N,8.5W,35,-999,-999,-999,-999,-999,-999,-999,-999,-999,-999,-999,-999,-999,-999
19581004,0600,-999,EX,51.2N,5.5W,35,-999,-999,-999,-999,-999,-999,-999,-999,-999,-999,-999,-999,-999,-999
-999,-999,-999,-999,-999,-999,-999,-999,-999,-999,-999,-999,-999,-999,-999,-999,-999,-999,-999,-999,-999
-999,-999,-999,-999,-999,-999,-999,-999,-999,-999,-999,-999,-999,-999,-999,-999,-999,-999,-999,-999,-999
-999,-999,-999,-999,-999,-999,-999,-999,-999,-999,-999,-999,-999,-999,-999,-999,-999,-999,-999,-999,-999
-999,-999,-999,-999,-999,-999,-999,-999,-999,-999,-999,-999,-999,-999,-999,-999,-999,-999,-999,-999,-999
-999,-999,-999,-999,-999,-999,-999,-999,-999,-999,-999,-999,-999,-999,-999,-999,-999,-999,-999,-999,-999
-999,-999,-999,-999,-999,-999,-999,-999,-999,-999,-999,-999,-999,-999,-999,-999,-999,-999,-999,-999,-999
-999,-999,-999,-999,-999,-999,-999,-999,-999,-999,-999,-999,-999,-999,-999,-999,-999,-999,-999,-999,-999
-999,-999,-999,-999,-999,-999,-999,-999,-999,-999,-999,-999,-999,-999,-999,-999,-999,-999,-999,-999,-999
-999,-999,-999,-999,-999,-999,-999,-999,-999,-999,-999,-999,-999,-999,-999,-999,-999,-999,-999,-999,-999
-999,-999,-999,-999,-999,-999,-999,-999,-999,-999,-999,-999,-999,-999,-999,-999,-999,-999,-999,-999,-999
-999,-999,-999,-999,-999,-999,-999,-999,-999,-999,-999,-999,-999,-999,-999,-999,-999,-999,-999,-999,-999
-999,-999,-999,-999,-999,-999,-999,-999,-999,-999,-999,-999,-999,-999,-999,-999,-999,-999,-999,-999,-999
-999,-999,-999,-999,-999,-999,-999,-999,-999,-999,-999,-999,-999,-999,-999,-999,-999,-999,-999,-999,-999
-999,-999,-999,-999,-999,-999,-999,-999,-999,-999,-999,-999,-999,-999,-999,-999,-999,-999,-999,-999,-999
-999,-999,-999,-999,-999,-999,-999,-999,-999,-999,-999,-999,-999,-999,-999,-999,-999,-999,-999,-999,-999
-999,-999,-999,-999,-999,-999,-999,-999,-999,-999,-999,-999,-999,-999,-999,-999,-999,-999,-999,-999,-999
-999,-999,-999,-999,-999,-999,-999,-999,-999,-999,-999,-999,-999,-999,-999,-999,-999,-999,-999,-999,-999
-999,-999,-999,-999,-999,-999,-999,-999,-999,-999,-999,-999,-999,-999,-999,-999,-999,-999,-999,-999,-999
-999,-999,-999,-999,-999,-999,-999,-999,-999,-999,-999,-999,-999,-999,-999,-999,-999,-999,-999,-999,-999
-999,-999,-999,-999,-999,-999,-999,-999,-999,-999,-999,-999,-999,-999,-999,-999,-999,-999,-999,-999,-999
-999,-999,-999,-999,-999,-999,-999,-999,-999,-999,-999,-999,-999,-999,-999,-999,-999,-999,-999,-999,-999
-999,-999,-999,-999,-999,-999,-999,-999,-999,-999,-999,-999,-999,-999,-999,-999,-999,-999,-999,-999,-999
-999,-999,-999,-999,-999,-999,-999,-999,-999,-999,-999,-999,-999,-999,-999,-999,-999,-999,-999,-999,-999
-999,-999,-999,-999,-999,-999,-999,-999,-999,-999,-999,-999,-999,-999,-999,-999,-999,-999,-999,-999,-999
-999,-999,-999,-999,-999,-999,-999,-999,-999,-999,-999,-999,-999,-999,-999,-999,-999,-999,-999,-999,-999
-999,-999,-999,-999,-999,-999,-999,-999,-999,-999,-999,-999,-999,-999,-999,-999,-999,-999,-999,-999,-999
-999,-999,-999,-999,-999,-999,-999,-999,-999,-999,-999,-999,-999,-999,-999,-999,-999,-999,-999,-999,-999
-999,-999,-999,-999,-999,-999,-999,-999,-999,-999,-999,-999,-999,-999,-999,-999,-999,-999,-999,-999,-999
-999,-999,-999,-999,-999,-999,-999,-999,-999,-999,-999,-999,-999,-999,-999,-999,-999,-999,-999,-999,-999
-999,-999,-999,-999,-999,-999,-999,-999,-999,-999,-999,-999,-999,-999,-999,-999,-999,-999,-999,-999,-999
-999,-999,-999,-999,-999,-999,-999,-999,-999,-999,-999,-999,-999,-999,-999,-999,-999,-999,-999,-999,-999
-999,-999,-999,-999,-999,-999,-999,-999,-999,-999,-999,-999,-999,-999,-999,-999,-999,-999,-999,-999,-999
-999,-999,-999,-999,-999,-999,-999,-999,-999,-999,-999,-999,-999,-999,-999,-999,-999,-999,-999,-999,-999
-999,-999,-999,-999,-999,-999,-999,-999,-999,-999,-999,-999,-999,-999,-999,-999,-999,-999,-999,-999,-999
-999,-999,-999,-999,-999,-999,-999,-999,-999,-999,-999,-999,-999,-999,-999,-999,-999,-999,-999,-999,-999
-999,-999,-999,-999,-999,-999,-999,-999,-999,-999,-999,-999,-999,-999,-999,-999,-999,-999,-999,-999,-999
-999,-999,-999,-999,-999,-999,-999,-999,-999,-999,-999,-999,-999,-999,-999,-999,-999,-999,-999,-999,-999
-999,-999,-999,-999,-999,-999,-999,-999,-999,-999,-999,-999,-999,-999,-999,-999,-999,-999,-999,-999,-999
-999,-999,-999,-999,-999,-999,-999,-999,-999,-999,-999,-999,-999,-999,-999,-999,-999,-999,-999,-999,-999
-999,-999,-999,-999,-999,-999,-999,-999,-999,-999,-999,-999,-999,-999,-999,-999,-999,-999,-999,-999,-999
-999,-999,-999,-999,-999,-999,-999,-999,-999,-999,-999,-999,-999,-999,-999,-999,-999,-999,-999,-999,-999
-999,-999,-999,-999,-999,-999,-999,-999,-999,-999,-999,-999,-999,-999,-999,-999,-999,-999,-999,-999,-999
-999,-999,-999,-999,-999,-999,-999,-999,-999,-999,-999,-999,-999,-999,-999,-999,-999,-999,-999,-999,-999
-999,-999,-999,-999,-999,-999,-999,-999,-999,-999,-999,-999,-999,-999,-999,-999,-999,-999,-999,-999,-999
-999,-999,-999,-999,-999,-999,-999,-999,-999,-999,-999,-999,-999,-999,-999,-999,-999,-999,-999,-999,-999
-999,-999,-999,-999,-999,-999,-999,-999,-999,-999,-999,-999,-999,-999,-999,-999,-999,-999,-999,-999,-999
-999,-999,-999,-999,-999,-999,-999,-999,-999,-999,-999,-999,-999,-999,-999,-999,-999,-999,-999,-999,-999
-999,-999,-999,-999,-999,-999,-999,-999,-999,-999,-999,-999,-999,-999,-999,-999,-999,-999,-999,-999,-999
-999,-999,-999,-999,-999,-999,-999,-999,-999,-999,-999,-999,-999,-999,-999,-999,-999,-999,-999,-999,-999
-999,-999,-999,-999,-999,-999,-999,-999,-999,-999,-999,-999,-999,-999,-999,-999,-999,-999,-999,-999,-999
-999,-999,-999,-999,-999,-999,-999,-999,-999,-999,-999,-999,-999,-999,-999,-999,-999,-999,-999,-999,-999
-999,-999,-999,-999,-999,-999,-999,-999,-999,-999,-999,-999,-999,-999,-999,-999,-999,-999,-999,-999,-999
-999,-999,-999,-999,-999,-999,-999,-999,-999,-999,-999,-999,-999,-999,-999,-999,-999,-999,-999,-999,-999
-999,-999,-999,-999,-999,-999,-999,-999,-999,-999,-999,-999,-999,-999,-999,-999,-999,-999,-999,-999,-999
-999,-999,-999,-999,-999,-999,-999,-999,-999,-999,-999,-999,-999,-999,-999,-999,-999,-999,-999,-999,-999
-999,-999,-999,-999,-999,-999,-999,-999,-999,-999,-999,-999,-999,-999,-999,-999,-999,-999,-999,-999,-999
-999,-999,-999,-999,-999,-999,-999,-999,-999,-999,-999,-999,-999,-999,-999,-999,-999,-999,-999,-999,-999
-999,-999,-999,-999,-999,-999,-999,-999,-999,-999,-999,-999,-999,-999,-999,-999,-999,-999,-999,-999,-999
-999,-999,-999,-999,-999,-999,-999,-999,-999,-999,-999,-999,-999,-999,-999,-999,-999,-999,-999,-999,-999
-999,-999,-999,-999,-999,-999,-999,-999,-999,-999,-999,-999,-999,-999,-999,-999,-999,-999,-999,-999,-999
-999,-999,-999,-999,-999,-999,-999,-999,-999,-999,-999,-999,-999,-999,-999,-999,-999,-999,-999,-999,-999
-999,-999,-999,-999,-999,-999,-999,-999,-999,-999,-999,-999,-999,-999,-999,-999,-999,-999,-999,-999,-999
-999,-999,-999,-999,-999,-999,-999,-999,-999,-999,-999,-999,-999,-999,-999,-999,-999,-999,-999,-999,-999
-999,-999,-999,-999,-999,-999,-999,-999,-999,-999,-999,-999,-999,-999,-999,-999,-999,-999,-999,-999,-999
-999,-999,-999,-999,-999,-999,-999,-999,-999,-999,-999,-999,-999,-999,-999,-999,-999,-999,-999,-999,-999
-999,-999,-999,-999,-999,-999,-999,-999,-999,-999,-999,-999,-999,-999,-999,-999,-999,-999,-999,-999,-999
-999,-999,-999,-999,-999,-999,-999,-999,-999,-999,-999,-999,-999,-999,-999,-999,-999,-999,-999,-999,-999
-999,-999,-999,-999,-999,-999,-999,-999,-999,-999,-999,-999,-999,-999,-999,-999,-999,-999,-999,-999,-999
-999,-999,-999,-999,-999,-999,-999,-999,-999,-999,-999,-999,-999,-999,-999,-999,-999,-999,-999,-999,-999
-999,-999,-999,-999,-999,-999,-999,-999,-999,-999,-999,-999,-999,-999,-999,-999,-999,-999,-999,-999,-999
-999,-999,-999,-999,-999,-999,-999,-999,-999,-999,-999,-999,-999,-999,-999,-999,-999,-999,-999,-999,-999
-999,-999,-999,-999,-999,-999,-999,-999,-999,-999,-999,-999,-999,-999,-999,-999,-999,-999,-999,-999,-999
-999,-999,-999,-999,-999,-999,-999,-999,-999,-999,-999,-999,-999,-999,-999,-999,-999,-999,-999,-999,-999
-999,-999,-999,-999,-999,-999,-999,-999,-999,-999,-999,-999,-999,-999,-999,-999,-999,-999,-999,-999,-999
-999,-999,-999,-999,-999,-999,-999,-999,-999,-999,-999,-999,-999,-999,-999,-999,-999,-999,-999,-999,-999
-999,-999,-999,-999,-999,-999,-999,-999,-999,-999,-999,-999,-999,-999,-999,-999,-999,-999,-999,-999,-999
-999,-999,-999,-999,-999,-999,-999,-999,-999,-999,-999,-999,-999,-999,-999,-999,-999,-999,-999,-999,-999
-999,-999,-999,-999,-999,-999,-999,-999,-999,-999,-999,-999,-999,-999,-999,-999,-999,-999,-999,-999,-999
19580921,1200,-999,TD,17.6N,54.2W,25,-999,-999,-999,-999,-999,-999,-999,-999,-999,-999,-999,-999,-999,-999
19580921,1800,-999,TD,18.3N,56.3W,25,-999,-999,-999,-999,-999,-999,-999,-999,-999,-999,-999,-999,-999,-999
19580922,0000,-999,TD,19.1N,58.4W,25,-999,-999,-999,-999,-999,-999,-999,-999,-999,-999,-999,-999,-999,-999
19580922,0600,-999,TD,20.1N,60.4W,25,-999,-999,-999,-999,-999,-999,-999,-999,-999,-999,-999,-999,-999,-999
19580922,1200,-999,TD,21.1N,62.4W,25,-999,-999,-999,-999,-999,-999,-999,-999,-999,-999,-999,-999,-999,-999
19580922,1800,-999,TD,21.9N,64.1W,30,1013,-999,-999,-999,-999,-999,-999,-999,-999,-999,-999,-999,-999,-999
19580923,0000,-999,TS,22.4N,65.2W,35,-999,-999,-999,-999,-999,-999,-999,-999,-999,-999,-999,-999,-999,-999
19580923,0600,-999,TS,23.0N,66.2W,40,-999,-999,-999,-999,-999,-999,-999,-999,-999,-999,-999,-999,-999,-999
19580923,1200,-999,TS,23.5N,67.2W,40,1003,-999,-999,-999,-999,-999,-999,-999,-999,-999,-999,-999,-999,-999
19580923,1800,-999,TS,24.0N,68.4W,45,1000,-999,-999,-999,-999,-999,-999,-999,-999,-999,-999,-999,-999,-999
19580924,0000,-999,TS,24.6N,69.6W,50,-999,-999,-999,-999,-999,-999,-999,-999,-999,-999,-999,-999,-999,-999
19580924,0600,-999,TS,25.6N,70.7W,55,-999,-999,-999,-999,-999,-999,-999,-999,-999,-999,-999,-999,-999,-999
19580924,1200,-999,TS,26.5N,71.7W,60,997,-999,-999,-999,-999,-999,-999,-999,-999,-999,-999,-999,-999,-999
19580924,1800,-999,TS,27.2N,72.4W,60,995,-999,-999,-999,-999,-999,-999,-999,-999,-999,-999,-999,-999,-999
19580925,0000,-999,HU,27.7N,73.0W,65,-999,-999,-999,-999,-999,-999,-999,-999,-999,-999,-999,-999,-999,-999
19580925,0600,-999,HU,28.3N,73.5W,70,-999,-999,-999,-999,-999,-999,-999,-999,-999,-999,-999,-999,-999,-999
19580925,1200,-999,HU,28.8N,73.9W,70,-999,-999,-999,-999,-999,-999,-999,-999,-999,-999,-999,-999,-999,-999
19580925,1800,-999,HU,29.2N,74.2W,70,982,-999,-999,-999,-999,-999,-999,-999,-999,-999,-999,-999,-999,-999
19580926,0000,-999,HU,29.5N,74.7W,70,981,-999,-999,-999,-999,-999,-999,-999,-999,-999,-999,-999,-999,-999
19580926,0600,-999,HU,29.7N,75.4W,80,974,-999,-999,-999,-999,-999,-999,-999,-999,-999,-999,-999,-999,-999
19580926,1200,-999,HU,30.2N,76.2W,95,963,-999,-999,-999,-999,-999,-999,-999,-999,-999,-999,-999,-999,-999
19580926,1800,-999,HU,30.9N,77.3W,110,948,-999,-999,-999,-999,-999,-999,-999,-999,-999,-999,-999,-999,-999
19580927,0000,-999,HU,31.6N,78.3W,115,943,-999,-999,-999,-999,-999,-999,-999,-999,-999,-999,-999,-999,-999
19580927,0600,-999,HU,32.3N,78.6W,125,933,-999,-999,-999,-999,-999,-999,-999,-999,-999,-999,-999,-999,-999
19580927,0900,I,HU,32.7N,78.6W,130,930,-999,-999,-999,-999,-999,-999,-999,-999,-999,-999,-999,-999,-999
19580927,1200,-999,HU,33.1N,78.5W,120,938,-999,-999,-999,-999,-999,-999,-999,-999,-999,-999,-999,-999,-999
19580927,1800,-999,HU,33.9N,77.6W,120,-999,-999,-999,-999,-999,-999,-999,-999,-999,-999,-999,-999,-999,20
19580928,0000,-999,HU,34.7N,75.9W,115,938,-999,-999,-999,-999,-999,-999,-999,-999,-999,-999,-999,-999,-999
19580928,0600,-999,HU,35.5N,73.8W,110,950,-999,-999,-999,-999,-999,-999,-999,-999,-999,-999,-999,-999,-999
19580928,1200,-999,HU,36.6N,71.3W,100,955,-999,-999,-999,-999,-999,-999,-999,-999,-999,-999,-999,-999,-999
19580928,1800,-999,HU,38.0N,68.3W,100,-999,-999,-999,-999,-999,-999,-999,-999,-999,-999,-999,-999,-999,-999
19580929,0000,-999,HU,40.0N,65.0W,95,957,-999,-999,-999,-999,-999,-999,-999,-999,-999,-999,-999,-999,-999
19580929,0600,-999,EX,43.0N,62.5W,85,-999,-999,-999,-999,-999,-999,-999,-999,-999,-999,-999,-999,-999,-999
19580929,1200,-999,EX,46.5N,60.2W,75,-999,-999,-999,-999,-999,-999,-999,-999,-999,-999,-999,-999,-999,-999
19580929,1800,-999,EX,49.5N,56.0W,70,-999,-999,-999,-999,-999,-999,-999,-999,-999,-999,-999,-999,-999,-999
19580930,0000,-999,EX,51.5N,51.5W,65,-999,-999,-999,-999,-999,-999,-999,-999,-999,-999,-999,-999,-999,-999
19580930,0600,-999,EX,53.5N,48.8W,60,-999,-999,-999,-999,-999,-999,-999,-999,-999,-999,-999,-999,-999,-999
19580930,1200,-999,EX,55.0N,46.0W,60,-999,-999,-999,-999,-999,-999,-999,-999,-999,-999,-999,-999,-999,-999
19580930,1800,-999,EX,56.2N,41.5W,60,-999,-999,-999,-999,-999,-999,-999,-999,-999,-999,-999,-999,-999,-999
19581001,0000,-999,EX,57.0N,37.3W,60,-999,-999,-999,-999,-999,-999,-999,-999,-999,-999,-999,-999,-999,-999
19581001,0600,-999,EX,57.0N,34.5W,60,-999,-999,-999,-999,-999,-999,-999,-999,-999,-999,-999,-999,-999,-999
19581001,1200,-999,EX,56.5N,32.0W,65,-999,-999,-999,-999,-999,-999,-999,-999,-999,-999,-999,-999,-999,-999
19581001,1800,-999,EX,55.8N,30.0W,70,-999,-999,-999,-999,-999,-999,-999,-999,-999,-999,-999,-999,-999,-999
19581002,0000,-999,EX,55.0N,27.0W,70,-999,-999,-999,-999,-999,-999,-999,-999,-999,-999,-999,-999,-999,-999
19581002,0600,-999,EX,54.0N,23.0W,65,-999,-999,-999,-999,-999,-999,-999,-999,-999,-999,-999,-999,-999,-999
19581002,1200,-999,EX,52.3N,20.5W,55,-999,-999,-999,-999,-999,-999,-999,-999,-999,-999,-999,-999,-999,-999
19581002,1800,-999,EX,50.7N,19.0W,50,-999,-999,-999,-999,-999,-999,-999,-999,-999,-999,-999,-999,-999,-999
19581003,0000,-999,EX,51.0N,16.0W,50,-999,-999,-999,-999,-999,-999,-999,-999,-999,-999,-999,-999,-999,-999
19581003,0600,-999,EX,51.2N,13.8W,45,-999,-999,-999,-999,-999,-999,-999,-999,-999,-999,-999,-999,-999,-999
19581003,1200,-999,EX,51.2N,12.8W,40,-999,-999,-999,-999,-999,-999,-999,-999,-999,-999,-999,-999,-999,-999
19581003,1800,-999,EX,51.2N,11.5W,40,-999,-999,-999,-999,-999,-999,-999,-999,-999,-999,-999,-999,-999,-999
19581004,0000,-999,EX,51.2N,8.5W,35,-999,-999,-999,-999,-999,-999,-999,-999,-999,-999,-999,-999,-999,-999
19581004,0600,-999,EX,51.2N,5.5W,35,-999,-999,-999,-999,-999,-999,-999,-999,-999,-999,-999,-999,-999,-999
-999,-999,-999,-999,-999,-999,-999,-999,-999,-999,-999,-999,-999,-999,-999,-999,-999,-999,-999,-999,-999
-999,-999,-999,-999,-999,-999,-999,-999,-999,-999,-999,-999,-999,-999,-999,-999,-999,-999,-999,-999,-999
-999,-999,-999,-999,-999,-999,-999,-999,-999,-999,-999,-999,-999,-999,-999,-999,-999,-999,-999,-999,-999
-999,-999,-999,-999,-999,-999,-999,-999,-999,-999,-999,-999,-999,-999,-999,-999,-999,-999,-999,-999,-999
-999,-999,-999,-999,-999,-999,-999,-999,-999,-999,-999,-999,-999,-999,-999,-999,-999,-999,-999,-999,-999
-999,-999,-999,-999,-999,-999,-999,-999,-999,-999,-999,-999,-999,-999,-999,-999,-999,-999,-999,-999,-999
-999,-999,-999,-999,-999,-999,-999,-999,-999,-999,-999,-999,-999,-999,-999,-999,-999,-999,-999,-999,-999
-999,-999,-999,-999,-999,-999,-999,-999,-999,-999,-999,-999,-999,-999,-999,-999,-999,-999,-999,-999,-999
-999,-999,-999,-999,-999,-999,-999,-999,-999,-999,-999,-999,-999,-999,-999,-999,-999,-999,-999,-999,-999
-999,-999,-999,-999,-999,-999,-999,-999,-999,-999,-999,-999,-999,-999,-999,-999,-999,-999,-999,-999,-999
-999,-999,-999,-999,-999,-999,-999,-999,-999,-999,-999,-999,-999,-999,-999,-999,-999,-999,-999,-999,-999
-999,-999,-999,-999,-999,-999,-999,-999,-999,-999,-999,-999,-999,-999,-999,-999,-999,-999,-999,-999,-999
-999,-999,-999,-999,-999,-999,-999,-999,-999,-999,-999,-999,-999,-999,-999,-999,-999,-999,-999,-999,-999
-999,-999,-999,-999,-999,-999,-999,-999,-999,-999,-999,-999,-999,-999,-999,-999,-999,-999,-999,-999,-999
-999,-999,-999,-999,-999,-999,-999,-999,-999,-999,-999,-999,-999,-999,-999,-999,-999,-999,-999,-999,-999
-999,-999,-999,-999,-999,-999,-999,-999,-999,-999,-999,-999,-999,-999,-999,-999,-999,-999,-999,-999,-999
-999,-999,-999,-999,-999,-999,-999,-999,-999,-999,-999,-999,-999,-999,-999,-999,-999,-999,-999,-999,-999
-999,-999,-999,-999,-999,-999,-999,-999,-999,-999,-999,-999,-999,-999,-999,-999,-999,-999,-999,-999,-999
-999,-999,-999,-999,-999,-999,-999,-999,-999,-999,-999,-999,-999,-999,-999,-999,-999,-999,-999,-999,-999
-999,-999,-999,-999,-999,-999,-999,-999,-999,-999,-999,-999,-999,-999,-999,-999,-999,-999,-999,-999,-999
-999,-999,-999,-999,-999,-999,-999,-999,-999,-999,-999,-999,-999,-999,-999,-999,-999,-999,-999,-999,-999
-999,-999,-999,-999,-999,-999,-999,-999,-999,-999,-999,-999,-999,-999,-999,-999,-999,-999,-999,-999,-999
-999,-999,-999,-999,-999,-999,-999,-999,-999,-999,-999,-999,-999,-999,-999,-999,-999,-999,-999,-999,-999
-999,-999,-999,-999,-999,-999,-999,-999,-999,-999,-999,-999,-999,-999,-999,-999,-999,-999,-999,-999,-999
-999,-999,-999,-999,-999,-999,-999,-999,-999,-999,-999,-999,-999,-999,-999,-999,-999,-999,-999,-999,-999
-999,-999,-999,-999,-999,-999,-999,-999,-999,-999,-999,-999,-999,-999,-999,-999,-999,-999,-999,-999,-999
-999,-999,-999,-999,-999,-999,-999,-999,-999,-999,-999,-999,-999,-999,-999,-999,-999,-999,-999,-999,-999
-999,-999,-999,-999,-999,-999,-999,-999,-999,-999,-999,-999,-999,-999,-999,-999,-999,-999,-999,-999,-999
-999,-999,-999,-999,-999,-999,-999,-999,-999,-999,-999,-999,-999,-999,-999,-999,-999,-999,-999,-999,-999
-999,-999,-999,-999,-999,-999,-999,-999,-999,-999,-999,-999,-999,-999,-999,-999,-999,-999,-999,-999,-999
-999,-999,-999,-999,-999,-999,-999,-999,-999,-999,-999,-999,-999,-999,-999,-999,-999,-999,-999,-999,-999
-999,-999,-999,-999,-999,-999,-999,-999,-999,-999,-999,-999,-999,-999,-999,-999,-999,-999,-999,-999,-999
-999,-999,-999,-999,-999,-999,-999,-999,-999,-999,-999,-999,-999,-999,-999,-999,-999,-999,-999,-999,-999
-999,-999,-999,-999,-999,-999,-999,-999,-999,-999,-999,-999,-999,-999,-999,-999,-999,-999,-999,-999,-999
-999,-999,-999,-999,-999,-999,-999,-999,-999,-999,-999,-999,-999,-999,-999,-999,-999,-999,-999,-999,-999
-999,-999,-999,-999,-999,-999,-999,-999,-999,-999,-999,-999,-999,-999,-999,-999,-999,-999,-999,-999,-999
-999,-999,-999,-999,-999,-999,-999,-999,-999,-999,-999,-999,-999,-999,-999,-999,-999,-999,-999,-999,-999
-999,-999,-999,-999,-999,-999,-999,-999,-999,-999,-999,-999,-999,-999,-999,-999,-999,-999,-999,-999,-999
-999,-999,-999,-999,-999,-999,-999,-999,-999,-999,-999,-999,-999,-999,-999,-999,-999,-999,-999,-999,-999
-999,-999,-999,-999,-999,-999,-999,-999,-999,-999,-999,-999,-999,-999,-999,-999,-999,-999,-999,-999,-999
-999,-999,-999,-999,-999,-999,-999,-999,-999,-999,-999,-999,-999,-999,-999,-999,-999,-999,-999,-999,-999
-999,-999,-999,-999,-999,-999,-999,-999,-999,-999,-999,-999,-999,-999,-999,-999,-999,-999,-999,-999,-999
-999,-999,-999,-999,-999,-999,-999,-999,-999,-999,-999,-999,-999,-999,-999,-999,-999,-999,-999,-999,-999
-999,-999,-999,-999,-999,-999,-999,-999,-999,-999,-999,-999,-999,-999,-999,-999,-999,-999,-999,-999,-999
-999,-999,-999,-999,-999,-999,-999,-999,-999,-999,-999,-999,-999,-999,-999,-999,-999,-999,-999,-999,-999
-999,-999,-999,-999,-999,-999,-999,-999,-999,-999,-999,-999,-999,-999,-999,-999,-999,-999,-999,-999,-999
-999,-999,-999,-999,-999,-999,-999,-999,-999,-999,-999,-999,-999,-999,-999,-999,-999,-999,-999,-999,-999
-999,-999,-999,-999,-999,-999,-999,-999,-999,-999,-999,-999,-999,-999,-999,-999,-999,-999,-999,-999,-999
-999,-999,-999,-999,-999,-999,-999,-999,-999,-999,-999,-999,-999,-999,-999,-999,-999,-999,-999,-999,-999
-999,-999,-999,-999,-999,-999,-999,-999,-999,-999,-999,-999,-999,-999,-999,-999,-999,-999,-999,-999,-999
-999,-999,-999,-999,-999,-999,-999,-999,-999,-999,-999,-999,-999,-999,-999,-999,-999,-999,-999,-999,-999
-999,-999,-999,-999,-999,-999,-999,-999,-999,-999,-999,-999,-999,-999,-999,-999,-999,-999,-999,-999,-999
-999,-999,-999,-999,-999,-999,-999,-999,-999,-999,-999,-999,-999,-999,-999,-999,-999,-999,-999,-999,-999
-999,-999,-999,-999,-999,-999,-999,-999,-999,-999,-999,-999,-999,-999,-999,-999,-999,-999,-999,-999,-999
-999,-999,-999,-999,-999,-999,-999,-999,-999,-999,-999,-999,-999,-999,-999,-999,-999,-999,-999,-999,-999
-999,-999,-999,-999,-999,-999,-999,-999,-999,-999,-999,-999,-999,-999,-999,-999,-999,-999,-999,-999,-999
-999,-999,-999,-999,-999,-999,-999,-999,-999,-999,-999,-999,-999,-999,-999,-999,-999,-999,-999,-999,-999
-999,-999,-999,-999,-999,-999,-999,-999,-999,-999,-999,-999,-999,-999,-999,-999,-999,-999,-999,-999,-999
-999,-999,-999,-999,-999,-999,-999,-999,-999,-999,-999,-999,-999,-999,-999,-999,-999,-999,-999,-999,-999
-999,-999,-999,-999,-999,-999,-999,-999,-999,-999,-999,-999,-999,-999,-999,-999,-999,-999,-999,-999,-999
-999,-999,-999,-999,-999,-999,-999,-999,-999,-999,-999,-999,-999,-999,-999,-999,-999,-999,-999,-999,-999
-999,-999,-999,-999,-999,-999,-999,-999,-999,-999,-999,-999,-999,-999,-999,-999,-999,-999,-999,-999,-999
-999,-999,-999,-999,-999,-999,-999,-999,-999,-999,-999,-999,-999,-999,-999,-999,-999,-999,-999,-999,-999
-999,-999,-999,-999,-999,-999,-999,-999,-999,-999,-999,-999,-999,-999,-999,-999,-999,-999,-999,-999,-999
-999,-999,-999,-999,-999,-999,-999,-999,-999,-999,-999,-999,-999,-999,-999,-999,-999,-999,-999,-999,-999
-999,-999,-999,-999,-999,-999,-999,-999,-999,-999,-999,-999,-999,-999,-999,-999,-999,-999,-999,-999,-999
-999,-999,-999,-999,-999,-999,-999,-999,-999,-999,-999,-999,-999,-999,-999,-999,-999,-999,-999,-999,-999
-999,-999,-999,-999,-999,-999,-999,-999,-999,-999,-999,-999,-999,-999,-999,-999,-999,-999,-999,-999,-999
-999,-999,-999,-999,-999,-999,-999,-999,-999,-999,-999,-999,-999,-999,-999,-999,-999,-999,-999,-999,-999
-999,-999,-999,-999,-999,-999,-999,-999,-999,-999,-999,-999,-999,-999,-999,-999,-999,-999,-999,-999,-999
-999,-999,-999,-999,-999,-999,-999,-999,-999,-999,-999,-999,-999,-999,-999,-999,-999,-999,-999,-999,-999
-999,-999,-999,-999,-999,-999,-999,-999,-999,-999,-999,-999,-999,-999,-999,-999,-999,-999,-999,-999,-999
-999,-999,-999,-999,-999,-999,-999,-999,-999,-999,-999,-999,-999,-999,-999,-999,-999,-999,-999,-999,-999
-999,-999,-999,-999,-999,-999,-999,-999,-999,-999,-999,-999,-999,-999,-999,-999,-999,-999,-999,-999,-999
-999,-999,-999,-999,-999,-999,-999,-999,-999,-999,-999,-999,-999,-999,-999,-999,-999,-999,-999,-999,-999
-999,-999,-999,-999,-999,-999,-999,-999,-999,-999,-999,-999,-999,-999,-999,-999,-999,-999,-999,-999,-999
-999,-999,-999,-999,-999,-999,-999,-999,-999,-999,-999,-999,-999,-999,-999,-999,-999,-999,-999,-999,-999
-999,-999,-999,-999,-999,-999,-999,-999,-999,-999,-999,-999,-999,-999,-999,-999,-999,-999,-999,-999,-999
19580921,1800,-999,10,18.3N,56.3W,25,-999,-999,-999,-999,-999,-999,-999,-999,-999,-999,-999,-999,-999,-999
19580922,0000,-999,10,19.1N,58.4W,25,-999,-999,-999,-999,-999,-999,-999,-999,-999,-999,-999,-999,-999,-999
19580922,0600,-999,10,20.1N,60.4W,25,-999,-999,-999,-999,-999,-999,-999,-999,-999,-999,-999,-999,-999,-999
19580922,1200,-999,10,21.1N,62.4W,25,-999,-999,-999,-999,-999,-999,-999,-999,-999,-999,-999,-999,-999,-999
19580922,1800,-999,10,21.9N,64.1W,30,1013,-999,-999,-999,-999,-999,-999,-999,-999,-999,-999,-999,-999,-999
19580923,0000,-999,11,22.4N,65.2W,35,-999,-999,-999,-999,-999,-999,-999,-999,-999,-999,-999,-999,-999,-999
19580923,0600,-999,11,23.0N,66.2W,40,-999,-999,-999,-999,-999,-999,-999,-999,-999,-999,-999,-999,-999,-999
19580923,1200,-999,11,23.5N,67.2W,40,1003,-999,-999,-999,-999,-999,-999,-999,-999,-999,-999,-999,-999,-999
19580923,1800,-999,11,24.0N,68.4W,45,1000,-999,-999,-999,-999,-999,-999,-999,-999,-999,-999,-999,-999,-999
19580924,0000,-999,11,24.6N,69.6W,50,-999,-999,-999,-999,-999,-999,-999,-999,-999,-999,-999,-999,-999,-999
19580924,0600,-999,11,25.6N,70.7W,55,-999,-999,-999,-999,-999,-999,-999,-999,-999,-999,-999,-999,-999,-999
19580924,1200,-999,11,26.5N,71.7W,60,997,-999,-999,-999,-999,-999,-999,-999,-999,-999,-999,-999,-999,-999
19580924,1800,-999,11,27.2N,72.4W,60,995,-999,-999,-999,-999,-999,-999,-999,-999,-999,-999,-999,-999,-999
19580925,0000,-999,12,27.7N,73.0W,65,-999,-999,-999,-999,-999,-999,-999,-999,-999,-999,-999,-999,-999,-999
19580925,0600,-999,12,28.3N,73.5W,70,-999,-999,-999,-999,-999,-999,-999,-999,-999,-999,-999,-999,-999,-999
19580925,1200,-999,12,28.8N,73.9W,70,-999,-999,-999,-999,-999,-999,-999,-999,-999,-999,-999,-999,-999,-999
19580925,1800,-999,12,29.2N,74.2W,70,982,-999,-999,-999,-999,-999,-999,-999,-999,-999,-999,-999,-999,-999
19580926,0000,-999,12,29.5N,74.7W,70,981,-999,-999,-999,-999,-999,-999,-999,-999,-999,-999,-999,-999,-999
19580926,0600,-999,12,29.7N,75.4W,80,974,-999,-999,-999,-999,-999,-999,-999,-999,-999,-999,-999,-999,-999
19580926,1200,-999,12,30.2N,76.2W,95,963,-999,-999,-999,-999,-999,-999,-999,-999,-999,-999,-999,-999,-999
19580926,1800,-999,12,30.9N,77.3W,110,948,-999,-999,-999,-999,-999,-999,-999,-999,-999,-999,-999,-999,-999
19580927,0000,-999,12,31.6N,78.3W,115,943,-999,-999,-999,-999,-999,-999,-999,-999,-999,-999,-999,-999,-999
19580927,0600,-999,12,32.3N,78.6W,125,933,-999,-999,-999,-999,-999,-999,-999,-999,-999,-999,-999,-999,-999
19580927,0900,4,12,32.7N,78.6W,130,930,-999,-999,-999,-999,-999,-999,-999,-999,-999,-999,-999,-999,-999
19580927,1200,-999,12,33.1N,78.5W,120,938,-999,-999,-999,-999,-999,-999,-999,-999,-999,-999,-999,-999,-999
19580927,1800,-999,12,33.9N,77.6W,120,-999,-999,-999,-999,-999,-999,-999,-999,-999,-999,-999,-999,-999,20
19580928,0000,-999,12,34.7N,75.9W,115,938,-999,-999,-999,-999,-999,-999,-999,-999,-999,-999,-999,-999,-999
19580928,0600,-999,12,35.5N,73.8W,110,950,-999,-999,-999,-999,-999,-999,-999,-999,-999,-999,-999,-999,-999
19580928,1200,-999,12,36.6N,71.3W,100,955,-999,-999,-999,-999,-999,-999,-999,-999,-999,-999,-999,-999,-999
19580928,1800,-999,12,38.0N,68.3W,100,-999,-999,-999,-999,-999,-999,-999,-999,-999,-999,-999,-999,-999,-999
19580929,0000,-999,12,40.0N,65.0W,95,957,-999,-999,-999,-999,-999,-999,-999,-999,-999,-999,-999,-999,-999
19580929,0600,-999,13,43.0N,62.5W,85,-999,-999,-999,-999,-999,-999,-999,-999,-999,-999,-999,-999,-999,-999
19580929,1200,-999,13,46.5N,60.2W,75,-999,-999,-999,-999,-999,-999,-999,-999,-999,-999,-999,-999,-999,-999
19580929,1800,-999,13,49.5N,56.0W,70,-999,-999,-999,-999,-999,-999,-999,-999,-999,-999,-999,-999,-999,-999
19580930,0000,-999,13,51.5N,51.5W,65,-999,-999,-999,-999,-999,-999,-999,-999,-999,-999,-999,-999,-999,-999
19580930,0600,-999,13,53.5N,48.8W,60,-999,-999,-999,-999,-999,-999,-999,-999,-999,-999,-999,-999,-999,-999
19580930,1200,-999,13,55.0N,46.0W,60,-999,-999,-999,-999,-999,-999,-999,-999,-999,-999,-999,-999,-999,-999
19580930,1800,-999,13,56.2N,41.5W,60,-999,-999,-999,-999,-999,-999,-999,-999,-999,-999,-999,-999,-999,-999
19581001,0000,-999,13,57.0N,37.3W,60,-999,-999,-999,-999,-999,-999,-999,-999,-999,-999,-999,-999,-999,-999
19581001,0600,-999,13,57.0N,34.5W,60,-999,-999,-999,-999,-999,-999,-999,-999,-999,-999,-999,-999,-999,-999
19581001,1200,-999,13,56.5N,32.0W,65,-999,-999,-999,-999,-999,-999,-999,-999,-999,-999,-999,-999,-999,-999
19581001,1800,-999,13,55.8N,30.0W,70,-999,-999,-999,-999,-999,-999,-999,-999,-999,-999,-999,-999,-999,-999
19581002,0000,-999,13,55.0N,27.0W,70,-999,-999,-999,-999,-999,-999,-999,-999,-999,-999,-999,-999,-999,-999
19581002,0600,-999,13,54.0N,23.0W,65,-999,-999,-999,-999,-999,-999,-999,-999,-999,-999,-999,-999,-999,-999
19581002,1200,-999,13,52.3N,20.5W,55,-999,-999,-999,-999,-999,-999,-999,-999,-999,-999,-999,-999,-999,-999
19581002,1800,-999,13,50.7N,19.0W,50,-999,-999,-999,-999,-999,-999,-999,-999,-999,-999,-999,-999,-999,-999
19581003,0000,-999,13,51.0N,16.0W,50,-999,-999,-999,-999,-999,-999,-999,-999,-999,-999,-999,-999,-999,-999
19581003,0600,-999,13,51.2N,13.8W,45,-999,-999,-999,-999,-999,-999,-999,-999,-999,-999,-999,-999,-999,-999
19581003,1200,-999,13,51.2N,12.8W,40,-999,-999,-999,-999,-999,-999,-999,-999,-999,-999,-999,-999,-999,-999
19581003,1800,-999,13,51.2N,11.5W,40,-999,-999,-999,-999,-999,-999,-999,-999,-999,-999,-999,-999,-999,-999
19581004,0000,-999,13,51.2N,8.5W,35,-999,-999,-999,-999,-999,-999,-999,-999,-999,-999,-999,-999,-999,-999
19581004,0600,-999,13,51.2N,5.5W,35,-999,-999,-999,-999,-999,-999,-999,-999,-999,-999,-999,-999,-999,-999
-999,-999,-999,-999,-999,-999,-999,-999,-999,-999,-999,-999,-999,-999,-999,-999,-999,-999,-999,-999,-999
-999,-999,-999,-999,-999,-999,-999,-999,-999,-999,-999,-999,-999,-999,-999,-999,-999,-999,-999,-999,-999
-999,-999,-999,-999,-999,-999,-999,-999,-999,-999,-999,-999,-999,-999,-999,-999,-999,-999,-999,-999,-999
-999,-999,-999,-999,-999,-999,-999,-999,-999,-999,-999,-999,-999,-999,-999,-999,-999,-999,-999,-999,-999
-999,-999,-999,-999,-999,-999,-999,-999,-999,-999,-999,-999,-999,-999,-999,-999,-999,-999,-999,-999,-999
-999,-999,-999,-999,-999,-999,-999,-999,-999,-999,-999,-999,-999,-999,-999,-999,-999,-999,-999,-999,-999
-999,-999,-999,-999,-999,-999,-999,-999,-999,-999,-999,-999,-999,-999,-999,-999,-999,-999,-999,-999,-999
-999,-999,-999,-999,-999,-999,-999,-999,-999,-999,-999,-999,-999,-999,-999,-999,-999,-999,-999,-999,-999
-999,-999,-999,-999,-999,-999,-999,-999,-999,-999,-999,-999,-999,-999,-999,-999,-999,-999,-999,-999,-999
-999,-999,-999,-999,-999,-999,-999,-999,-999,-999,-999,-999,-999,-999,-999,-999,-999,-999,-999,-999,-999
-999,-999,-999,-999,-999,-999,-999,-999,-999,-999,-999,-999,-999,-999,-999,-999,-999,-999,-999,-999,-999
-999,-999,-999,-999,-999,-999,-999,-999,-999,-999,-999,-999,-999,-999,-999,-999,-999,-999,-999,-999,-999
-999,-999,-999,-999,-999,-999,-999,-999,-999,-999,-999,-999,-999,-999,-999,-999,-999,-999,-999,-999,-999
-999,-999,-999,-999,-999,-999,-999,-999,-999,-999,-999,-999,-999,-999,-999,-999,-999,-999,-999,-999,-999
-999,-999,-999,-999,-999,-999,-999,-999,-999,-999,-999,-999,-999,-999,-999,-999,-999,-999,-999,-999,-999
-999,-999,-999,-999,-999,-999,-999,-999,-999,-999,-999,-999,-999,-999,-999,-999,-999,-999,-999,-999,-999
-999,-999,-999,-999,-999,-999,-999,-999,-999,-999,-999,-999,-999,-999,-999,-999,-999,-999,-999,-999,-999
-999,-999,-999,-999,-999,-999,-999,-999,-999,-999,-999,-999,-999,-999,-999,-999,-999,-999,-999,-999,-999
-999,-999,-999,-999,-999,-999,-999,-999,-999,-999,-999,-999,-999,-999,-999,-999,-999,-999,-999,-999,-999
-999,-999,-999,-999,-999,-999,-999,-999,-999,-999,-999,-999,-999,-999,-999,-999,-999,-999,-999,-999,-999
-999,-999,-999,-999,-999,-999,-999,-999,-999,-999,-999,-999,-999,-999,-999,-999,-999,-999,-999,-999,-999
-999,-999,-999,-999,-999,-999,-999,-999,-999,-999,-999,-999,-999,-999,-999,-999,-999,-999,-999,-999,-999
-999,-999,-999,-999,-999,-999,-999,-999,-999,-999,-999,-999,-999,-999,-999,-999,-999,-999,-999,-999,-999
-999,-999,-999,-999,-999,-999,-999,-999,-999,-999,-999,-999,-999,-999,-999,-999,-999,-999,-999,-999,-999
-999,-999,-999,-999,-999,-999,-999,-999,-999,-999,-999,-999,-999,-999,-999,-999,-999,-999,-999,-999,-999
-999,-999,-999,-999,-999,-999,-999,-999,-999,-999,-999,-999,-999,-999,-999,-999,-999,-999,-999,-999,-999
-999,-999,-999,-999,-999,-999,-999,-999,-999,-999,-999,-999,-999,-999,-999,-999,-999,-999,-999,-999,-999
-999,-999,-999,-999,-999,-999,-999,-999,-999,-999,-999,-999,-999,-999,-999,-999,-999,-999,-999,-999,-999
-999,-999,-999,-999,-999,-999,-999,-999,-999,-999,-999,-999,-999,-999,-999,-999,-999,-999,-999,-999,-999
-999,-999,-999,-999,-999,-999,-999,-999,-999,-999,-999,-999,-999,-999,-999,-999,-999,-999,-999,-999,-999
-999,-999,-999,-999,-999,-999,-999,-999,-999,-999,-999,-999,-999,-999,-999,-999,-999,-999,-999,-999,-999
-999,-999,-999,-999,-999,-999,-999,-999,-999,-999,-999,-999,-999,-999,-999,-999,-999,-999,-999,-999,-999
-999,-999,-999,-999,-999,-999,-999,-999,-999,-999,-999,-999,-999,-999,-999,-999,-999,-999,-999,-999,-999
-999,-999,-999,-999,-999,-999,-999,-999,-999,-999,-999,-999,-999,-999,-999,-999,-999,-999,-999,-999,-999
-999,-999,-999,-999,-999,-999,-999,-999,-999,-999,-999,-999,-999,-999,-999,-999,-999,-999,-999,-999,-999
-999,-999,-999,-999,-999,-999,-999,-999,-999,-999,-999,-999,-999,-999,-999,-999,-999,-999,-999,-999,-999
-999,-999,-999,-999,-999,-999,-999,-999,-999,-999,-999,-999,-999,-999,-999,-999,-999,-999,-999,-999,-999
-999,-999,-999,-999,-999,-999,-999,-999,-999,-999,-999,-999,-999,-999,-999,-999,-999,-999,-999,-999,-999
-999,-999,-999,-999,-999,-999,-999,-999,-999,-999,-999,-999,-999,-999,-999,-999,-999,-999,-999,-999,-999
-999,-999,-999,-999,-999,-999,-999,-999,-999,-999,-999,-999,-999,-999,-999,-999,-999,-999,-999,-999,-999
-999,-999,-999,-999,-999,-999,-999,-999,-999,-999,-999,-999,-999,-999,-999,-999,-999,-999,-999,-999,-999
-999,-999,-999,-999,-999,-999,-999,-999,-999,-999,-999,-999,-999,-999,-999,-999,-999,-999,-999,-999,-999
-999,-999,-999,-999,-999,-999,-999,-999,-999,-999,-999,-999,-999,-999,-999,-999,-999,-999,-999,-999,-999
-999,-999,-999,-999,-999,-999,-999,-999,-999,-999,-999,-999,-999,-999,-999,-999,-999,-999,-999,-999,-999
-999,-999,-999,-999,-999,-999,-999,-999,-999,-999,-999,-999,-999,-999,-999,-999,-999,-999,-999,-999,-999
-999,-999,-999,-999,-999,-999,-999,-999,-999,-999,-999,-999,-999,-999,-999,-999,-999,-999,-999,-999,-999
-999,-999,-999,-999,-999,-999,-999,-999,-999,-999,-999,-999,-999,-999,-999,-999,-999,-999,-999,-999,-999
-999,-999,-999,-999,-999,-999,-999,-999,-999,-999,-999,-999,-999,-999,-999,-999,-999,-999,-999,-999,-999
-999,-999,-999,-999,-999,-999,-999,-999,-999,-999,-999,-999,-999,-999,-999,-999,-999,-999,-999,-999,-999
-999,-999,-999,-999,-999,-999,-999,-999,-999,-999,-999,-999,-999,-999,-999,-999,-999,-999,-999,-999,-999
-999,-999,-999,-999,-999,-999,-999,-999,-999,-999,-999,-999,-999,-999,-999,-999,-999,-999,-999,-999,-999
-999,-999,-999,-999,-999,-999,-999,-999,-999,-999,-999,-999,-999,-999,-999,-999,-999,-999,-999,-999,-999
-999,-999,-999,-999,-999,-999,-999,-999,-999,-999,-999,-999,-999,-999,-999,-999,-999,-999,-999,-999,-999
-999,-999,-999,-999,-999,-999,-999,-999,-999,-999,-999,-999,-999,-999,-999,-999,-999,-999,-999,-999,-999
-999,-999,-999,-999,-999,-999,-999,-999,-999,-999,-999,-999,-999,-999,-999,-999,-999,-999,-999,-999,-999
-999,-999,-999,-999,-999,-999,-999,-999,-999,-999,-999,-999,-999,-999,-999,-999,-999,-999,-999,-999,-999
-999,-999,-999,-999,-999,-999,-999,-999,-999,-999,-999,-999,-999,-999,-999,-999,-999,-999,-999,-999,-999
-999,-999,-999,-999,-999,-999,-999,-999,-999,-999,-999,-999,-999,-999,-999,-999,-999,-999,-999,-999,-999
-999,-999,-999,-999,-999,-999,-999,-999,-999,-999,-999,-999,-999,-999,-999,-999,-999,-999,-999,-999,-999
-999,-999,-999,-999,-999,-999,-999,-999,-999,-999,-999,-999,-999,-999,-999,-999,-999,-999,-999,-999,-999
-999,-999,-999,-999,-999,-999,-999,-999,-999,-999,-999,-999,-999,-999,-999,-999,-999,-999,-999,-999,-999
-999,-999,-999,-999,-999,-999,-999,-999,-999,-999,-999,-999,-999,-999,-999,-999,-999,-999,-999,-999,-999
-999,-999,-999,-999,-999,-999,-999,-999,-999,-999,-999,-999,-999,-999,-999,-999,-999,-999,-999,-999,-999
-999,-999,-999,-999,-999,-999,-999,-999,-999,-999,-999,-999,-999,-999,-999,-999,-999,-999,-999,-999,-999
-999,-999,-999,-999,-999,-999,-999,-999,-999,-999,-999,-999,-999,-999,-999,-999,-999,-999,-999,-999,-999
-999,-999,-999,-999,-999,-999,-999,-999,-999,-999,-999,-999,-999,-999,-999,-999,-999,-999,-999,-999,-999
-999,-999,-999,-999,-999,-999,-999,-999,-999,-999,-999,-999,-999,-999,-999,-999,-999,-999,-999,-999,-999
-999,-999,-999,-999,-999,-999,-999,-999,-999,-999,-999,-999,-999,-999,-999,-999,-999,-999,-999,-999,-999
-999,-999,-999,-999,-999,-999,-999,-999,-999,-999,-999,-999,-999,-999,-999,-999,-999,-999,-999,-999,-999
-999,-999,-999,-999,-999,-999,-999,-999,-999,-999,-999,-999,-999,-999,-999,-999,-999,-999,-999,-999,-999
-999,-999,-999,-999,-999,-999,-999,-999,-999,-999,-999,-999,-999,-999,-999,-999,-999,-999,-999,-999,-999
-999,-999,-999,-999,-999,-999,-999,-999,-999,-999,-999,-999,-999,-999,-999,-999,-999,-999,-999,-999,-999
-999,-999,-999,-999,-999,-999,-999,-999,-999,-999,-999,-999,-999,-999,-999,-999,-999,-999,-999,-999,-999
-999,-999,-999,-999,-999,-999,-999,-999,-999,-999,-999,-999,-999,-999,-999,-999,-999,-999,-999,-999,-999
-999,-999,-999,-999,-999,-999,-999,-999,-999,-999,-999,-999,-999,-999,-999,-999,-999,-999,-999,-999,-999
-999,-999,-999,-999,-999,-999,-999,-999,-999,-999,-999,-999,-999,-999,-999,-999,-999,-999,-999,-999,-999
-999,-999,-999,-999,-999,-999,-999,-999,-999,-999,-999,-999,-999,-999,-999,-999,-999,-999,-999,-999,-999
-999,-999,-999,-999,-999,-999,-999,-999,-999,-999,-999,-999,-999,-999,-999,-999,-999,-999,-999,-999,-999
19580921,1800,-999,10,18.3N,56.3W,25,-999,-999,-999,-999,-999,-999,-999,-999,-999,-999,-999,-999,-999,-999
19580922,0000,-999,10,19.1N,58.4W,25,-999,-999,-999,-999,-999,-999,-999,-999,-999,-999,-999,-999,-999,-999
19580922,0600,-999,10,20.1N,60.4W,25,-999,-999,-999,-999,-999,-999,-999,-999,-999,-999,-999,-999,-999,-999
19580922,1200,-999,10,21.1N,62.4W,25,-999,-999,-999,-999,-999,-999,-999,-999,-999,-999,-999,-999,-999,-999
19580922,1800,-999,10,21.9N,64.1W,30,1013,-999,-999,-999,-999,-999,-999,-999,-999,-999,-999,-999,-999,-999
19580923,0000,-999,11,22.4N,65.2W,35,-999,-999,-999,-999,-999,-999,-999,-999,-999,-999,-999,-999,-999,-999
19580923,0600,-999,11,23.0N,66.2W,40,-999,-999,-999,-999,-999,-999,-999,-999,-999,-999,-999,-999,-999,-999
19580923,1200,-999,11,23.5N,67.2W,40,1003,-999,-999,-999,-999,-999,-999,-999,-999,-999,-999,-999,-999,-999
19580923,1800,-999,11,24.0N,68.4W,45,1000,-999,-999,-999,-999,-999,-999,-999,-999,-999,-999,-999,-999,-999
19580924,0000,-999,11,24.6N,69.6W,50,-999,-999,-999,-999,-999,-999,-999,-999,-999,-999,-999,-999,-999,-999
19580924,0600,-999,11,25.6N,70.7W,55,-999,-999,-999,-999,-999,-999,-999,-999,-999,-999,-999,-999,-999,-999
19580924,1200,-999,11,26.5N,71.7W,60,997,-999,-999,-999,-999,-999,-999,-999,-999,-999,-999,-999,-999,-999
19580924,1800,-999,11,27.2N,72.4W,60,995,-999,-999,-999,-999,-999,-999,-999,-999,-999,-999,-999,-999,-999
19580925,0000,-999,12,27.7N,73.0W,65,-999,-999,-999,-999,-999,-999,-999,-999,-999,-999,-999,-999,-999,-999
19580925,0600,-999,12,28.3N,73.5W,70,-999,-999,-999,-999,-999,-999,-999,-999,-999,-999,-999,-999,-999,-999
19580925,1200,-999,12,28.8N,73.9W,70,-999,-999,-999,-999,-999,-999,-999,-999,-999,-999,-999,-999,-999,-999
19580925,1800,-999,12,29.2N,74.2W,70,982,-999,-999,-999,-999,-999,-999,-999,-999,-999,-999,-999,-999,-999
19580926,0000,-999,12,29.5N,74.7W,70,981,-999,-999,-999,-999,-999,-999,-999,-999,-999,-999,-999,-999,-999
19580926,0600,-999,12,29.7N,75.4W,80,974,-999,-999,-999,-999,-999,-999,-999,-999,-999,-999,-999,-999,-999
19580926,1200,-999,12,30.2N,76.2W,95,963,-999,-999,-999,-999,-999,-999,-999,-999,-999,-999,-999,-999,-999
19580926,1800,-999,12,30.9N,77.3W,110,948,-999,-999,-999,-999,-999,-999,-999,-999,-999,-999,-999,-999,-999
19580927,0000,-999,12,31.6N,78.3W,115,943,-999,-999,-999,-999,-999,-999,-999,-999,-999,-999,-999,-999,-999
19580927,0600,-999,12,32.3N,78.6W,125,933,-999,-999,-999,-999,-999,-999,-999,-999,-999,-999,-999,-999,-999
19580927,0900,4,12,32.7N,78.6W,130,930,-999,-999,-999,-999,-999,-999,-999,-999,-999,-999,-999,-999,-999
19580927,1200,-999,12,33.1N,78.5W,120,938,-999,-999,-999,-999,-999,-999,-999,-999,-999,-999,-999,-999,-999
19580927,1800,-999,12,33.9N,77.6W,120,-999,-999,-999,-999,-999,-999,-999,-999,-999,-999,-999,-999,-999,20
19580928,0000,-999,12,34.7N,75.9W,115,938,-999,-999,-999,-999,-999,-999,-999,-999,-999,-999,-999,-999,-999
19580928,0600,-999,12,35.5N,73.8W,110,950,-999,-999,-999,-999,-999,-999,-999,-999,-999,-999,-999,-999,-999
19580928,1200,-999,12,36.6N,71.3W,100,955,-999,-999,-999,-999,-999,-999,-999,-999,-999,-999,-999,-999,-999
19580928,1800,-999,12,38.0N,68.3W,100,-999,-999,-999,-999,-999,-999,-999,-999,-999,-999,-999,-999,-999,-999
19580929,0000,-999,12,40.0N,65.0W,95,957,-999,-999,-999,-999,-999,-999,-999,-999,-999,-999,-999,-999,-999
19580929,0600,-999,13,43.0N,62.5W,85,-999,-999,-999,-999,-999,-999,-999,-999,-999,-999,-999,-999,-999,-999
19580929,1200,-999,13,46.5N,60.2W,75,-999,-999,-999,-999,-999,-999,-999,-999,-999,-999,-999,-999,-999,-999
19580929,1800,-999,13,49.5N,56.0W,70,-999,-999,-999,-999,-999,-999,-999,-999,-999,-999,-999,-999,-999,-999
19580930,0000,-999,13,51.5N,51.5W,65,-999,-999,-999,-999,-999,-999,-999,-999,-999,-999,-999,-999,-999,-999
19580930,0600,-999,13,53.5N,48.8W,60,-999,-999,-999,-999,-999,-999,-999,-999,-999,-999,-999,-999,-999,-999
19580930,1200,-999,13,55.0N,46.0W,60,-999,-999,-999,-999,-999,-999,-999,-999,-999,-999,-999,-999,-999,-999
19580930,1800,-999,13,56.2N,41.5W,60,-999,-999,-999,-999,-999,-999,-999,-999,-999,-999,-999,-999,-999,-999
19581001,0000,-999,13,57.0N,37.3W,60,-999,-999,-999,-999,-999,-999,-999,-999,-999,-999,-999,-999,-999,-999
19581001,0600,-999,13,57.0N,34.5W,60,-999,-999,-999,-999,-999,-999,-999,-999,-999,-999,-999,-999,-999,-999
19581001,1200,-999,13,56.5N,32.0W,65,-999,-999,-999,-999,-999,-999,-999,-999,-999,-999,-999,-999,-999,-999
19581001,1800,-999,13,55.8N,30.0W,70,-999,-999,-999,-999,-999,-999,-999,-999,-999,-999,-999,-999,-999,-999
19581002,0000,-999,13,55.0N,27.0W,70,-999,-999,-999,-999,-999,-999,-999,-999,-999,-999,-999,-999,-999,-999
19581002,0600,-999,13,54.0N,23.0W,65,-999,-999,-999,-999,-999,-999,-999,-999,-999,-999,-999,-999,-999,-999
19581002,1200,-999,13,52.3N,20.5W,55,-999,-999,-999,-999,-999,-999,-999,-999,-999,-999,-999,-999,-999,-999
19581002,1800,-999,13,50.7N,19.0W,50,-999,-999,-999,-999,-999,-999,-999,-999,-999,-999,-999,-999,-999,-999
19581003,0000,-999,13,51.0N,16.0W,50,-999,-999,-999,-999,-999,-999,-999,-999,-999,-999,-999,-999,-999,-999
19581003,0600,-999,13,51.2N,13.8W,45,-999,-999,-999,-999,-999,-999,-999,-999,-999,-999,-999,-999,-999,-999
19581003,1200,-999,13,51.2N,12.8W,40,-999,-999,-999,-999,-999,-999,-999,-999,-999,-999,-999,-999,-999,-999
19581003,1800,-999,13,51.2N,11.5W,40,-999,-999,-999,-999,-999,-999,-999,-999,-999,-999,-999,-999,-999,-999
19581004,0000,-999,13,51.2N,8.5W,35,-999,-999,-999,-999,-999,-999,-999,-999,-999,-999,-999,-999,-999,-999
19581004,0600,-999,13,51.2N,5.5W,35,-999,-999,-999,-999,-999,-999,-999,-999,-999,-999,-999,-999,-999,-999
-999,-999,-999,-999,-999,-999,-999,-999,-999,-999,-999,-999,-999,-999,-999,-999,-999,-999,-999,-999,-999
-999,-999,-999,-999,-999,-999,-999,-999,-999,-999,-999,-999,-999,-999,-999,-999,-999,-999,-999,-999,-999
-999,-999,-999,-999,-999,-999,-999,-999,-999,-999,-999,-999,-999,-999,-999,-999,-999,-999,-999,-999,-999
-999,-999,-999,-999,-999,-999,-999,-999,-999,-999,-999,-999,-999,-999,-999,-999,-999,-999,-999,-999,-999
-999,-999,-999,-999,-999,-999,-999,-999,-999,-999,-999,-999,-999,-999,-999,-999,-999,-999,-999,-999,-999
-999,-999,-999,-999,-999,-999,-999,-999,-999,-999,-999,-999,-999,-999,-999,-999,-999,-999,-999,-999,-999
-999,-999,-999,-999,-999,-999,-999,-999,-999,-999,-999,-999,-999,-999,-999,-999,-999,-999,-999,-999,-999
-999,-999,-999,-999,-999,-999,-999,-999,-999,-999,-999,-999,-999,-999,-999,-999,-999,-999,-999,-999,-999
-999,-999,-999,-999,-999,-999,-999,-999,-999,-999,-999,-999,-999,-999,-999,-999,-999,-999,-999,-999,-999
-999,-999,-999,-999,-999,-999,-999,-999,-999,-999,-999,-999,-999,-999,-999,-999,-999,-999,-999,-999,-999
-999,-999,-999,-999,-999,-999,-999,-999,-999,-999,-999,-999,-999,-999,-999,-999,-999,-999,-999,-999,-999
-999,-999,-999,-999,-999,-999,-999,-999,-999,-999,-999,-999,-999,-999,-999,-999,-999,-999,-999,-999,-999
-999,-999,-999,-999,-999,-999,-999,-999,-999,-999,-999,-999,-999,-999,-999,-999,-999,-999,-999,-999,-999
-999,-999,-999,-999,-999,-999,-999,-999,-999,-999,-999,-999,-999,-999,-999,-999,-999,-999,-999,-999,-999
-999,-999,-999,-999,-999,-999,-999,-999,-999,-999,-999,-999,-999,-999,-999,-999,-999,-999,-999,-999,-999
-999,-999,-999,-999,-999,-999,-999,-999,-999,-999,-999,-999,-999,-999,-999,-999,-999,-999,-999,-999,-999
-999,-999,-999,-999,-999,-999,-999,-999,-999,-999,-999,-999,-999,-999,-999,-999,-999,-999,-999,-999,-999
-999,-999,-999,-999,-999,-999,-999,-999,-999,-999,-999,-999,-999,-999,-999,-999,-999,-999,-999,-999,-999
-999,-999,-999,-999,-999,-999,-999,-999,-999,-999,-999,-999,-999,-999,-999,-999,-999,-999,-999,-999,-999
-999,-999,-999,-999,-999,-999,-999,-999,-999,-999,-999,-999,-999,-999,-999,-999,-999,-999,-999,-999,-999
-999,-999,-999,-999,-999,-999,-999,-999,-999,-999,-999,-999,-999,-999,-999,-999,-999,-999,-999,-999,-999
-999,-999,-999,-999,-999,-999,-999,-999,-999,-999,-999,-999,-999,-999,-999,-999,-999,-999,-999,-999,-999
-999,-999,-999,-999,-999,-999,-999,-999,-999,-999,-999,-999,-999,-999,-999,-999,-999,-999,-999,-999,-999
-999,-999,-999,-999,-999,-999,-999,-999,-999,-999,-999,-999,-999,-999,-999,-999,-999,-999,-999,-999,-999
-999,-999,-999,-999,-999,-999,-999,-999,-999,-999,-999,-999,-999,-999,-999,-999,-999,-999,-999,-999,-999
-999,-999,-999,-999,-999,-999,-999,-999,-999,-999,-999,-999,-999,-999,-999,-999,-999,-999,-999,-999,-999
-999,-999,-999,-999,-999,-999,-999,-999,-999,-999,-999,-999,-999,-999,-999,-999,-999,-999,-999,-999,-999
-999,-999,-999,-999,-999,-999,-999,-999,-999,-999,-999,-999,-999,-999,-999,-999,-999,-999,-999,-999,-999
-999,-999,-999,-999,-999,-999,-999,-999,-999,-999,-999,-999,-999,-999,-999,-999,-999,-999,-999,-999,-999
-999,-999,-999,-999,-999,-999,-999,-999,-999,-999,-999,-999,-999,-999,-999,-999,-999,-999,-999,-999,-999
-999,-999,-999,-999,-999,-999,-999,-999,-999,-999,-999,-999,-999,-999,-999,-999,-999,-999,-999,-999,-999
-999,-999,-999,-999,-999,-999,-999,-999,-999,-999,-999,-999,-999,-999,-999,-999,-999,-999,-999,-999,-999
-999,-999,-999,-999,-999,-999,-999,-999,-999,-999,-999,-999,-999,-999,-999,-999,-999,-999,-999,-999,-999
-999,-999,-999,-999,-999,-999,-999,-999,-999,-999,-999,-999,-999,-999,-999,-999,-999,-999,-999,-999,-999
-999,-999,-999,-999,-999,-999,-999,-999,-999,-999,-999,-999,-999,-999,-999,-999,-999,-999,-999,-999,-999
-999,-999,-999,-999,-999,-999,-999,-999,-999,-999,-999,-999,-999,-999,-999,-999,-999,-999,-999,-999,-999
-999,-999,-999,-999,-999,-999,-999,-999,-999,-999,-999,-999,-999,-999,-999,-999,-999,-999,-999,-999,-999
-999,-999,-999,-999,-999,-999,-999,-999,-999,-999,-999,-999,-999,-999,-999,-999,-999,-999,-999,-999,-999
-999,-999,-999,-999,-999,-999,-999,-999,-999,-999,-999,-999,-999,-999,-999,-999,-999,-999,-999,-999,-999
-999,-999,-999,-999,-999,-999,-999,-999,-999,-999,-999,-999,-999,-999,-999,-999,-999,-999,-999,-999,-999
-999,-999,-999,-999,-999,-999,-999,-999,-999,-999,-999,-999,-999,-999,-999,-999,-999,-999,-999,-999,-999
-999,-999,-999,-999,-999,-999,-999,-999,-999,-999,-999,-999,-999,-999,-999,-999,-999,-999,-999,-999,-999
-999,-999,-999,-999,-999,-999,-999,-999,-999,-999,-999,-999,-999,-999,-999,-999,-999,-999,-999,-999,-999
-999,-999,-999,-999,-999,-999,-999,-999,-999,-999,-999,-999,-999,-999,-999,-999,-999,-999,-999,-999,-999
-999,-999,-999,-999,-999,-999,-999,-999,-999,-999,-999,-999,-999,-999,-999,-999,-999,-999,-999,-999,-999
-999,-999,-999,-999,-999,-999,-999,-999,-999,-999,-999,-999,-999,-999,-999,-999,-999,-999,-999,-999,-999
-999,-999,-999,-999,-999,-999,-999,-999,-999,-999,-999,-999,-999,-999,-999,-999,-999,-999,-999,-999,-999
-999,-999,-999,-999,-999,-999,-999,-999,-999,-999,-999,-999,-999,-999,-999,-999,-999,-999,-999,-999,-999
-999,-999,-999,-999,-999,-999,-999,-999,-999,-999,-999,-999,-999,-999,-999,-999,-999,-999,-999,-999,-999
-999,-999,-999,-999,-999,-999,-999,-999,-999,-999,-999,-999,-999,-999,-999,-999,-999,-999,-999,-999,-999
-999,-999,-999,-999,-999,-999,-999,-999,-999,-999,-999,-999,-999,-999,-999,-999,-999,-999,-999,-999,-999
-999,-999,-999,-999,-999,-999,-999,-999,-999,-999,-999,-999,-999,-999,-999,-999,-999,-999,-999,-999,-999
-999,-999,-999,-999,-999,-999,-999,-999,-999,-999,-999,-999,-999,-999,-999,-999,-999,-999,-999,-999,-999
-999,-999,-999,-999,-999,-999,-999,-999,-999,-999,-999,-999,-999,-999,-999,-999,-999,-999,-999,-999,-999
-999,-999,-999,-999,-999,-999,-999,-999,-999,-999,-999,-999,-999,-999,-999,-999,-999,-999,-999,-999,-999
-999,-999,-999,-999,-999,-999,-999,-999,-999,-999,-999,-999,-999,-999,-999,-999,-999,-999,-999,-999,-999
-999,-999,-999,-999,-999,-999,-999,-999,-999,-999,-999,-999,-999,-999,-999,-999,-999,-999,-999,-999,-999
-999,-999,-999,-999,-999,-999,-999,-999,-999,-999,-999,-999,-999,-999,-999,-999,-999,-999,-999,-999,-999
-999,-999,-999,-999,-999,-999,-999,-999,-999,-999,-999,-999,-999,-999,-999,-999,-999,-999,-999,-999,-999
-999,-999,-999,-999,-999,-999,-999,-999,-999,-999,-999,-999,-999,-999,-999,-999,-999,-999,-999,-999,-999
-999,-999,-999,-999,-999,-999,-999,-999,-999,-999,-999,-999,-999,-999,-999,-999,-999,-999,-999,-999,-999
-999,-999,-999,-999,-999,-999,-999,-999,-999,-999,-999,-999,-999,-999,-999,-999,-999,-999,-999,-999,-999
-999,-999,-999,-999,-999,-999,-999,-999,-999,-999,-999,-999,-999,-999,-999,-999,-999,-999,-999,-999,-999
-999,-999,-999,-999,-999,-999,-999,-999,-999,-999,-999,-999,-999,-999,-999,-999,-999,-999,-999,-999,-999
-999,-999,-999,-999,-999,-999,-999,-999,-999,-999,-999,-999,-999,-999,-999,-999,-999,-999,-999,-999,-999
-999,-999,-999,-999,-999,-999,-999,-999,-999,-999,-999,-999,-999,-999,-999,-999,-999,-999,-999,-999,-999
-999,-999,-999,-999,-999,-999,-999,-999,-999,-999,-999,-999,-999,-999,-999,-999,-999,-999,-999,-999,-999
-999,-999,-999,-999,-999,-999,-999,-999,-999,-999,-999,-999,-999,-999,-999,-999,-999,-999,-999,-999,-999
-999,-999,-999,-999,-999,-999,-999,-999,-999,-999,-999,-999,-999,-999,-999,-999,-999,-999,-999,-999,-999
-999,-999,-999,-999,-999,-999,-999,-999,-999,-999,-999,-999,-999,-999,-999,-999,-999,-999,-999,-999,-999
-999,-999,-999,-999,-999,-999,-999,-999,-999,-999,-999,-999,-999,-999,-999,-999,-999,-999,-999,-999,-999
-999,-999,-999,-999,-999,-999,-999,-999,-999,-999,-999,-999,-999,-999,-999,-999,-999,-999,-999,-999,-999
-999,-999,-999,-999,-999,-999,-999,-999,-999,-999,-999,-999,-999,-999,-999,-999,-999,-999,-999,-999,-999
-999,-999,-999,-999,-999,-999,-999,-999,-999,-999,-999,-999,-999,-999,-999,-999,-999,-999,-999,-999,-999
-999,-999,-999,-999,-999,-999,-999,-999,-999,-999,-999,-999,-999,-999,-999,-999,-999,-999,-999,-999,-999
-999,-999,-999,-999,-999,-999,-999,-999,-999,-999,-999,-999,-999,-999,-999,-999,-999,-999,-999,-999,-999
-999,-999,-999,-999,-999,-999,-999,-999,-999,-999,-999,-999,-999,-999,-999,-999,-999,-999,-999,-999,-999
-999,-999,-999,-999,-999,-999,-999,-999,-999,-999,-999,-999,-999,-999,-999,-999,-999,-999,-999,-999,-999
